Time,AY,AX,AV,AH
0,6918869,362024,0.0,90.0
1,6918869.0,362024.0,6.01,90.0
2,6918869.0,362024.6009948341,11.62,89.8
3,6918869.004236914,362025.76314530894,16.84,89.4
4,6918869.022248984,362027.4471467077,21.68,88.8
5,6918869.067582108,362029.61467532296,26.16,88.0
6,6918869.156658928,362032.2287182313,30.29,87.1
7,6918869.307824586,362035.2537828414,34.1,86.1
8,6918869.540567514,362038.65599013347,37.62,84.9
9,6918869.874900858,362042.40306179924,40.87,83.6
10,6918870.330881295,362046.46421607444,43.87,82.2
11,6918870.928237213,362050.8099898905,46.64,80.6
12,6918871.686077022,362055.41200636356,49.21,79.0
13,6918872.622649886,362060.2427070339,51.58,77.3
14,6918873.755134629,362065.27506811684,53.78,75.5
15,6918875.099437278,362070.48231964855,55.81,73.7
16,6918876.669983194,362075.83768597594,57.68,71.7
17,6918878.47949573,362081.3141655282,59.39,69.7
18,6918880.538759603,362086.884367021,60.94,67.6
19,6918882.856373504,362092.52041785914,62.33,65.5
20,6918885.438502636,362098.1939581097,63.57,63.4
21,6918888.288647373,362103.8762296288,64.64,61.2
22,6918891.40744855,362109.5382644866,65.55,58.9
23,6918894.792552277,362115.1511697467,66.28,56.6
24,6918898.438556954,362120.68649729394,66.85,54.3
25,6918902.33706172,362126.1166785675,67.24,52.0
26,6918906.476829006,362131.4154959216,67.47,49.7
27,6918910.844064314,362136.5585562806,67.54,47.3
28,6918915.422805175,362141.52373008314,67.46,45.0
29,6918920.195399938,362146.2915200846,67.24,42.6
30,6918925.143047361,362150.84533056786,66.9,40.3
31,6918930.24636177,362155.1716171899,66.46,38.0
32,6918935.485926695,362159.2599096293,65.93,35.7
33,6918940.842802685,362163.10271149524,65.33,33.4
34,6918946.298961714,362166.69529274676,64.68,31.1
35,6918951.83762987,362170.0353977001,64.0,28.799999999999997
36,6918957.443530133,362173.1228958392,63.31,26.6
37,6918963.103026479,362175.9594031076,62.61,24.400000000000006
38,6918968.804178101,362178.54789879156,61.93,22.200000000000003
39,6918974.536717612,362180.8923585062,61.28,20.099999999999994
40,6918980.291969652,362182.9974182241,60.66,18.0
41,6918986.06272668,362184.86807868705,60.09,15.900000000000006
42,6918991.843097477,362186.5094545565,59.56,13.799999999999997
43,6918997.628341611,362187.92656867544,59.09,11.700000000000003
44,6919003.414700376,362189.1241889326,58.67,9.599999999999994
45,6919009.199231994,362190.1067033947,58.32,7.599999999999994
46,6919014.979656285,362190.8780284182,58.02,5.599999999999994
47,6919020.754211936,362191.44154417503,57.78,3.5999999999999943
48,6919026.521527813,362191.80005221354,57.61,1.5
49,6919032.28050845,362191.9557501552,57.45,-0.5
50,6919038.0249299295,362191.9102612509,57.12,-2.5
51,6919043.731554414,362191.666060775,56.67,-4.400000000000006
52,6919049.3811887335,362191.22781622224,56.12,-6.400000000000006
53,6919054.958542446,362190.60171352484,55.52,-8.400000000000006
54,6919060.451919413,362189.7948548486,54.89,-10.299999999999997
55,6919065.852800927,362188.81475380884,54.25,-12.200000000000003
56,6919071.155374275,362187.66893747164,53.62,-14.099999999999994
57,6919076.356050907,362186.3646519109,53.01,-15.900000000000006
58,6919081.453006437,362184.90865997755,52.43,-17.799999999999997
59,6919086.445763164,362183.3071158431,51.9,-19.599999999999994
60,6919091.334825916,362181.565499868,51.41,-21.400000000000006
61,6919096.121374609,362179.6885983448,50.98,-23.200000000000003
62,6919100.807011758,362177.68051476806,50.59,-25.0
63,6919105.393560107,362175.5447017963,50.26,-26.700000000000003
64,6919109.88290392,362173.284005565,49.99,-28.5
65,6919114.276867037,362170.9007162321,49.92,-30.0
66,6919118.598925206,362168.40335823875,50.08,-31.299999999999997
67,6919122.877699282,362165.80175764643,50.41,-32.3
68,6919127.136464748,362163.10463673994,50.88,-33.2
69,6919131.3944753045,362160.3202484746,51.44,-33.8
70,6919135.668042298,362157.45676316373,52.08,-34.3
71,6919139.971136498,362154.52244444087,52.78,-34.599999999999994
72,6919144.316001735,362151.52577179874,53.51,-34.8
73,6919148.71296887,362148.47536181763,54.27,-34.8
74,6919153.171085771,362145.3800248298,54.9,-34.7
75,6919157.686041181,362142.2569136383,55.38,-34.5
76,6919162.252117753,362139.1224781222,55.76,-34.2
77,6919166.864673131,362135.9901681798,56.03,-33.8
78,6919171.519881196,362132.8713551011,56.24,-33.400000000000006
79,6919176.214525384,362129.77519772237,56.38,-32.900000000000006
80,6919180.945871865,362126.7092666425,56.47,-32.400000000000006
81,6919185.711576922,362123.67982968164,56.52,-31.900000000000006
82,6919190.509623257,362120.691844228,56.55,-31.400000000000006
83,6919195.338260281,362117.7494532614,56.54,-30.799999999999997
84,6919200.195978742,362114.8558881192,56.52,-30.200000000000003
85,6919205.081478429,362112.0136453681,56.49,-29.599999999999994
86,6919209.9936412675,362109.22463031264,56.44,-29.0
87,6919214.931476967,362106.4905194594,56.39,-28.400000000000006
88,6919219.894143788,362103.8125468432,56.33,-27.700000000000003
89,6919224.880887796,362101.19183248986,56.28,-27.099999999999994
90,6919229.89112892,362098.62890425,56.22,-26.5
91,6919234.924331176,362096.1243035891,56.16,-25.799999999999997
92,6919239.980060311,362093.67832544155,56.11,-25.200000000000003
93,6919245.0579717485,362091.2910613851,56.06,-24.5
94,6919250.157800467,362088.962433671,56.02,-23.900000000000006
95,6919255.27935253,362086.6922220529,55.99,-23.299999999999997
96,6919260.422423997,362084.4803051705,55.96,-22.599999999999994
97,6919265.58697106,362082.32618236385,55.94,-22.0
98,6919270.772915862,362080.229484422,55.93,-21.400000000000006
99,6919275.980251597,362078.18971322756,55.92,-20.799999999999997
100,6919281.20903412,362076.20626082557,55.93,-20.200000000000003
101,6919286.4593747575,362074.2784246941,55.95,-19.599999999999994
102,6919291.731434097,362072.4054200787,55.98,-19.0
103,6919297.0253154645,362070.58659287804,56.01,-18.400000000000006
104,6919302.341253767,362068.82105923496,56.06,-17.799999999999997
105,6919307.679388375,362067.10811789794,56.12,-17.200000000000003
106,6919313.039894465,362065.4470225271,56.19,-16.700000000000003
107,6919318.422977357,362063.8369889197,56.26,-16.099999999999994
108,6919323.828867303,362062.2772012679,56.35,-15.5
109,6919329.257716151,362060.7669734309,56.45,-15.0
110,6919334.709825455,362059.30540417036,56.55,-14.5
111,6919340.18540077,362057.89173002687,56.67,-14.0
112,6919345.684683984,362056.5251408532,56.79,-13.400000000000006
113,6919351.207942582,362055.20479096874,56.92,-12.900000000000006
114,6919356.755460452,362053.9298083572,57.06,-12.5
115,6919362.327432336,362052.699430743,57.21,-12.0
116,6919367.924187308,362051.5127244629,57.37,-11.5
117,6919373.545945891,362050.36887557706,57.53,-11.0
118,6919379.192947941,362049.267040691,57.71,-10.599999999999994
119,6919384.86544123,362048.20635709725,57.89,-10.200000000000003
120,6919390.563578788,362047.1860593681,58.07,-9.700000000000003
121,6919396.287630693,362046.2052444087,58.27,-9.299999999999997
122,6919402.037752805,362045.26311697945,58.47,-8.900000000000006
123,6919407.814107326,362044.35886563663,58.67,-8.5
124,6919413.616851987,362043.49167169293,58.88,-8.099999999999994
125,6919419.446044058,362042.660808041,59.1,-7.700000000000003
126,6919425.301838887,362041.86544154806,59.31,-7.400000000000006
127,6919431.18427478,362041.104839962,59.54,-7.0
128,6919437.093386039,362040.37826776464,59.76,-6.700000000000003
129,6919443.029115264,362039.6850703544,59.99,-6.299999999999997
130,6919448.991562756,362039.02444082464,60.22,-6.0
131,6919454.9807938645,362038.39558659564,60.46,-5.700000000000003
132,6919460.9969267305,362037.7976486794,60.7,-5.400000000000006
133,6919467.040109065,362037.2297161219,60.94,-5.099999999999994
134,6919473.110431317,362036.69089954527,61.19,-4.799999999999997
135,6919479.20800865,362036.1802604943,61.44,-4.5
136,6919485.333025125,362035.6967675548,61.69,-4.299999999999997
137,6919491.485511924,362035.23948057025,61.95,-4.0
138,6919497.665568185,362034.80737139325,62.21,-3.799999999999997
139,6919503.873211437,362034.3994423145,62.47,-3.5
140,6919510.108447879,362034.0146714392,62.73,-3.299999999999997
141,6919516.37126212,362033.6520194719,63.0,-3.0999999999999943
142,6919522.661609397,362033.31043530465,63.26,-2.9000000000000057
143,6919528.979369021,362032.98889421567,63.52,-2.700000000000003
144,6919535.324400542,362032.68635672465,63.78,-2.5999999999999943
145,6919541.696536346,362032.4017738887,64.05,-2.4000000000000057
146,6919548.095544755,362032.1341170583,64.31,-2.200000000000003
147,6919554.521174201,362031.8823465616,64.56,-2.0999999999999943
148,6919560.973146803,362031.64541646943,64.82,-2.0
149,6919567.45115384,362031.4222785444,65.07,-1.9000000000000057
150,6919573.954833469,362031.21190070175,65.32,-1.7000000000000028
151,6919580.4838168565,362031.0132343697,65.57,-1.5999999999999943
152,6919587.0376833975,362030.8252481219,65.81,-1.5999999999999943
153,6919593.615970713,362030.64692355046,66.04,-1.5
154,6919600.218101521,362030.4773147839,66.27,-1.4000000000000057
155,6919606.843335985,362030.3155967201,66.49,-1.2999999999999972
156,6919613.490818482,362030.16104669776,66.7,-1.2999999999999972
157,6919620.159605003,362030.0130370739,66.91,-1.2000000000000028
158,6919626.848677611,362029.8710355775,67.1,-1.2000000000000028
159,6919633.556976983,362029.7345909298,67.28,-1.0999999999999943
160,6919640.283428888,362029.6033200583,67.45,-1.0999999999999943
161,6919647.026926569,362029.47692639695,67.61,-1.0
162,6919653.786379113,362029.35517018684,67.75,-1.0
163,6919660.560708517,362029.23787266325,67.89,-1.0
164,6919667.348846837,362029.1249206024,68.02,-0.9000000000000057
165,6919674.14975769,362029.0162528088,68.13,-0.9000000000000057
166,6919680.962455217,362028.91184618056,68.24,-0.7999999999999972
167,6919687.785963921,362028.8117443188,68.34,-0.7999999999999972
168,6919694.619371981,362028.7160199778,68.43,-0.7999999999999972
169,6919701.461815021,362028.62478398945,68.51,-0.7000000000000028
170,6919708.312477922,362028.53818224516,68.59,-0.7000000000000028
171,6919715.170577223,362028.45640693465,68.65,-0.5999999999999943
172,6919722.035403922,362028.379664325,68.71,-0.5999999999999943
173,6919728.906277773,362028.30820396286,68.77,-0.5
174,6919735.782595033,362028.2422828965,68.81,-0.5
175,6919742.6637759805,362028.18219927035,68.86,-0.4000000000000057
176,6919749.549379714,362028.12820706866,68.9,-0.4000000000000057
177,6919756.439173045,362028.08045238844,68.94,-0.29999999999999716
178,6919763.333083862,362028.0389871678,68.98,-0.29999999999999716
179,6919770.2311624205,362028.0037811959,69.02,-0.20000000000000284
180,6919777.13356653,362027.97471994057,69.07,-0.20000000000000284
181,6919784.040493918,362027.9516421516,69.12,-0.09999999999999432
182,6919790.952186704,362027.9343313163,69.17,-0.09999999999999432
183,6919797.868901528,362027.9225314713,69.22,-0.09999999999999432
184,6919804.790925564,362027.9159324238,69.28,0.0
185,6919811.718545899,362027.91418701806,69.33,0.0
186,6919818.651652339,362027.91691538255,69.38,0.09999999999999432
187,6919825.589969995,362027.9237077267,69.43,0.09999999999999432
188,6919832.533318278,362027.93413036375,69.48,0.09999999999999432
189,6919839.48160749,362027.9477227114,69.53,0.09999999999999432
190,6919846.434820288,362027.9640045182,69.58,0.20000000000000284
191,6919853.393002644,362027.9824777136,69.63,0.20000000000000284
192,6919860.356257777,362028.00262677734,69.69,0.20000000000000284
193,6919867.324730433,362028.0239257809,69.74,0.20000000000000284
194,6919874.298612671,362028.04583205545,69.8,0.20000000000000284
195,6919881.278120675,362028.06779869134,69.84,0.20000000000000284
196,6919888.262375053,362028.089258126,69.88,0.20000000000000284
197,6919895.250535902,362028.1096410099,69.91,0.20000000000000284
198,6919902.241953196,362028.1284704785,69.94,0.09999999999999432
199,6919909.236152971,362028.14538188523,69.97,0.09999999999999432
200,6919916.232802452,362028.16011017736,69.99,0.09999999999999432
201,6919923.231685495,362028.17248583393,70.01,0.09999999999999432
202,6919930.232666071,362028.1824082104,70.03,0.09999999999999432
203,6919937.235675354,362028.189845995,70.05,0.0
204,6919944.240694577,362028.19482920785,70.07,0.0
205,6919951.247740846,362028.19744213135,70.09,0.0
206,6919958.256855478,362028.1978170738,70.11,0.0
207,6919965.267850089,362028.1961266885,70.13,0.0
208,6919972.280548464,362028.1925851217,70.14,0.0
209,6919979.294835662,362028.1874398603,70.16,-0.09999999999999432
210,6919986.3106508665,362028.18096785626,70.17,-0.09999999999999432
211,6919993.327981058,362028.17347212206,70.19,-0.09999999999999432
212,6920000.3468554,362028.16527874564,70.2,-0.09999999999999432
213,6920007.367340272,362028.1567342792,70.22,-0.09999999999999432
214,6920014.389493898,362028.14820845216,70.23,-0.09999999999999432
215,6920021.412619457,362028.14008340734,70.23,-0.09999999999999432
216,6920028.436102446,362028.13275518705,70.23,0.0
217,6920035.459405194,362028.12663190556,70.23,0.0
218,6920042.482061502,362028.1221321587,70.22,0.0
219,6920049.503707216,362028.1196574975,70.2,0.0
220,6920056.524160667,362028.11952479725,70.19,0.0
221,6920063.543015687,362028.12198601314,70.17,0.0
222,6920070.559944734,362028.12724440236,70.15,0.09999999999999432
223,6920077.574732128,362028.13544222596,70.13,0.09999999999999432
224,6920084.587241259,362028.1466776559,70.1,0.09999999999999432
225,6920091.597401402,362028.16101020825,70.08,0.09999999999999432
226,6920098.605196487,362028.17846552416,70.05,0.20000000000000284
227,6920105.610655565,362028.19903957035,70.03,0.20000000000000284
228,6920112.613834488,362028.22270901373,70.01,0.20000000000000284
229,6920119.614832469,362028.24941953394,69.99,0.20000000000000284
230,6920126.613772636,362028.2790970814,69.97,0.29999999999999716
231,6920133.610797251,362028.3116503259,69.95,0.29999999999999716
232,6920140.606063702,362028.34697279776,69.94,0.29999999999999716
233,6920147.599741155,362028.3849447615,69.92,0.29999999999999716
234,6920154.592007759,362028.4254348543,69.91,0.4000000000000057
235,6920161.583053909,362028.4682978963,69.9,0.4000000000000057
236,6920168.57306719,362028.5133844625,69.89,0.4000000000000057
237,6920175.5622387305,362028.5605371327,69.89,0.4000000000000057
238,6920182.550761858,362028.6095914733,69.88,0.4000000000000057
239,6920189.5388310095,362028.66037689685,69.88,0.4000000000000057
240,6920196.526656311,362028.7127074217,69.88,0.4000000000000057
241,6920203.514548684,362028.76632629376,69.89,0.4000000000000057
242,6920210.502916053,362028.82090479176,69.9,0.5
243,6920217.492246239,362028.87604985177,69.91,0.5
244,6920224.483091452,362028.9313113943,69.92,0.4000000000000057
245,6920231.475187232,362028.986189701,69.93,0.4000000000000057
246,6920238.46807134,362029.04013105476,69.93,0.4000000000000057
247,6920245.461344219,362029.09254254017,69.94,0.4000000000000057
248,6920252.454667879,362029.1427968764,69.93,0.4000000000000057
249,6920259.447764093,362029.19023662084,69.93,0.4000000000000057
250,6920266.440423319,362029.2341951667,69.92,0.29999999999999716
251,6920273.432476494,362029.2739641787,69.91,0.29999999999999716
252,6920280.423806776,362029.30881466425,69.91,0.20000000000000284
253,6920287.414346364,362029.3379992246,69.9,0.20000000000000284
254,6920294.404073252,362029.3607539441,69.89,0.09999999999999432
255,6920301.393007968,362029.37629995606,69.88,0.09999999999999432
256,6920308.38121035,362029.3838447245,69.87,0.0
257,6920315.368595732,362029.38258310594,69.85,-0.09999999999999432
258,6920322.35393494,362029.37170094484,69.82,-0.20000000000000284
259,6920329.336058449,362029.3503808944,69.78,-0.29999999999999716
260,6920336.313850368,362029.3178037692,69.73,-0.4000000000000057
261,6920343.286211561,362029.27311139356,69.66,-0.5
262,6920350.252403677,362029.21583022305,69.6,-0.5999999999999943
263,6920357.212204733,362029.1460633248,69.54,-0.7000000000000028
264,6920364.16584515,362029.06441691855,69.49,-0.7999999999999972
265,6920371.113950549,362028.9719357759,69.44,-0.7999999999999972
266,6920378.057490492,362028.870047183,69.41,-0.9000000000000057
267,6920384.99773252,362028.7605129109,69.39,-1.0
268,6920391.936200952,362028.64538849425,69.39,-1.0
269,6920398.874639988,362028.5269890518,69.41,-1.0
270,6920405.814980697,362028.4078608728,69.41,-1.0
271,6920412.754806564,362028.29079129087,69.36,-0.9000000000000057
272,6920419.690340445,362028.1788079136,69.29,-0.9000000000000057
273,6920426.6182135455,362028.0750699535,69.18,-0.7999999999999972
274,6920433.535555206,362027.98276310624,69.05,-0.5999999999999943
275,6920440.439880409,362027.90513565036,68.89,-0.5
276,6920447.329069912,362027.8454751607,68.72,-0.29999999999999716
277,6920454.201346757,362027.8070889171,68.54,-0.09999999999999432
278,6920461.055250519,362027.79328761896,68.33,0.09999999999999432
279,6920467.887778979,362027.80725604936,68.07,0.4000000000000057
280,6920474.694182403,362027.8519947639,67.76,0.7000000000000028
281,6920481.469784731,362027.9305286905,67.42,1.0
282,6920488.210410612,362028.04562278575,67.04,1.2999999999999972
283,6920494.912574032,362028.19965125027,66.66,1.7000000000000028
284,6920501.575475314,362028.3933921948,66.3,2.0
285,6920508.201253729,362028.62588208553,65.98,2.299999999999997
286,6920514.794175248,362028.8948866751,65.73,2.5999999999999943
287,6920521.360188192,362029.1971449036,65.55,2.9000000000000057
288,6920527.906585519,362029.52853646857,65.45,3.0999999999999943
289,6920534.441638814,362029.8842499511,65.43,3.299999999999997
290,6920540.974345029,362030.2588774905,65.52,3.4000000000000057
291,6920547.5144146355,362030.6463679087,65.7,3.4000000000000057
292,6920554.072150799,362031.040026037,65.92,3.4000000000000057
293,6920560.652018534,362031.43208163144,66.06,3.299999999999997
294,6920567.2468930585,362031.81317622587,66.14,3.0999999999999943
295,6920573.850606896,362032.1733355158,66.15,2.799999999999997
296,6920580.457835801,362032.5020662107,66.12,2.5
297,6920587.0638143895,362032.78816758306,66.04,2.0
298,6920593.66416584,362033.0197332386,65.93,1.4000000000000057
299,6920600.2551175095,362033.18482407817,65.78,0.7000000000000028
300,6920606.832653565,362033.2704523813,65.6,-0.09999999999999432
301,6920613.3922026185,362033.2637717116,65.24,-1.0
302,6920619.915642513,362033.15156805585,64.73,-2.0
303,6920626.384853907,362032.9215214911,64.07,-3.200000000000003
304,6920632.7819083445,362032.56248881185,63.27,-4.5
305,6920639.089314471,362032.0647521837,62.35,-5.900000000000006
306,6920645.291369369,362031.42121186457,61.37,-7.400000000000006
307,6920651.376585835,362030.62912512117,60.35,-9.0
308,6920657.338434933,362029.68986276275,59.36,-10.5
309,6920663.1747481935,362028.6076115872,58.41,-12.0
310,6920668.887421539,362027.3885953415,57.54,-13.599999999999994
311,6920674.481018603,362026.0397715635,56.75,-15.0
312,6920679.962050506,362024.5682827464,56.06,-16.400000000000006
313,6920685.3383503985,362022.98110886023,55.46,-17.799999999999997
314,6920690.618562326,362021.2848745499,54.96,-19.099999999999994
315,6920695.81204239,362019.48591847415,54.56,-20.299999999999997
316,6920700.927867022,362017.5899330785,54.25,-21.5
317,6920705.975287338,362015.6023194532,54.02,-22.599999999999994
318,6920710.963022622,362013.5279917117,53.87,-23.599999999999994
319,6920715.899333404,362011.371516739,53.79,-24.5
320,6920720.792247213,362009.1372902143,53.78,-25.400000000000006
321,6920725.649508283,362006.82958819735,53.82,-26.200000000000003
322,6920730.478453751,362004.4525808489,53.92,-26.900000000000006
323,6920735.286110004,362002.0104115808,54.07,-27.599999999999994
324,6920740.0792761,361999.507261874,54.27,-28.099999999999994
325,6920744.864596186,361996.94740534306,54.51,-28.599999999999994
326,6920749.648622632,361994.33525377826,54.78,-29.0
327,6920754.437871251,361991.67539729783,55.09,-29.400000000000006
328,6920759.238869806,361988.9726403217,55.44,-29.599999999999994
329,6920764.0583089795,361986.23206710484,55.82,-29.799999999999997
330,6920768.903013439,361983.45906000986,56.23,-29.900000000000006
331,6920773.779347955,361980.65915083623,56.66,-29.900000000000006
332,6920778.692761157,361977.83787295106,56.98,-29.799999999999997
333,6920783.63763284,361975.00694738125,57.21,-29.700000000000003
334,6920788.609506093,361972.1767106295,57.37,-29.400000000000006
335,6920793.604903683,361969.3565031931,57.46,-29.200000000000003
336,6920798.621131054,361966.55476270366,57.5,-28.900000000000006
337,6920803.6561654555,361963.77871612005,57.49,-28.5
338,6920808.70844786,361961.0349225738,57.45,-28.099999999999994
339,6920813.776813025,361958.32914238743,57.39,-27.599999999999994
340,6920818.8603987405,361955.6664358297,57.3,-27.200000000000003
341,6920823.958574121,361953.05125362123,57.19,-26.599999999999994
342,6920829.070883222,361950.48751848284,57.07,-26.099999999999994
343,6920834.19694499,361947.9789379951,56.94,-25.5
344,6920839.336549427,361945.5285458423,56.8,-24.900000000000006
345,6920844.489552078,361943.1390463357,56.66,-24.200000000000003
346,6920849.655854016,361940.812862153,56.51,-23.599999999999994
347,6920854.835386468,361938.55217562785,56.37,-22.900000000000006
348,6920860.028099068,361936.35896434163,56.22,-22.200000000000003
349,6920865.233950997,361934.2350317271,56.08,-21.5
350,6920870.452904385,361932.1820333359,55.94,-20.700000000000003
351,6920875.6849195305,361930.201499361,55.81,-20.0
352,6920880.929951527,361928.29485393944,55.68,-19.200000000000003
353,6920886.188083728,361926.4631540751,55.56,-18.400000000000006
354,6920891.459216673,361924.707712906,55.44,-17.599999999999994
355,6920896.743404013,361923.02948928036,55.33,-16.799999999999997
356,6920902.040497227,361921.42971885466,55.24,-16.0
357,6920907.350673375,361919.9090565958,55.15,-15.099999999999994
358,6920912.674384343,361918.4676841167,55.09,-14.299999999999997
359,6920918.012319254,361917.10539192753,55.05,-13.5
360,6920923.36537178,361915.8216491573,55.03,-12.700000000000003
361,6920928.7346118465,361914.6156615857,55.04,-11.799999999999997
362,6920934.121261015,361913.4864194353,55.07,-11.0
363,6920939.526670933,361912.4327362874,55.13,-10.200000000000003
364,6920944.952304408,361911.4532803613,55.23,-9.5
365,6920950.399897956,361910.54640082933,55.35,-8.700000000000003
366,6920955.871028063,361909.7105926849,55.49,-7.900000000000006
367,6920961.367349478,361908.9442543202,55.67,-7.200000000000003
368,6920966.890750892,361908.2455323759,55.88,-6.5
369,6920972.44294391,361907.6127075637,56.12,-5.799999999999997
370,6920978.025691916,361907.04398274975,56.38,-5.200000000000003
371,6920983.640797392,361906.5374877472,56.67,-4.5
372,6920989.290090397,361906.0912815829,56.98,-3.9000000000000057
373,6920994.97527827,361905.7034703687,57.33,-3.299999999999997
374,6921000.698266798,361905.3719398222,57.69,-2.799999999999997
375,6921006.460826097,361905.0946044633,58.08,-2.200000000000003
376,6921012.264763342,361904.8692678638,58.5,-1.7000000000000028
377,6921018.111800948,361904.6937020883,58.93,-1.2000000000000028
378,6921024.003808711,361904.56546605326,59.39,-0.7999999999999972
379,6921029.942472275,361904.48212641425,59.87,-0.4000000000000057
380,6921035.929608936,361904.44102610013,60.37,0.0
381,6921041.966964083,361904.43940414925,60.85,0.29999999999999716
382,6921048.05180676,361904.47432993155,61.31,0.5999999999999943
383,6921054.181993945,361904.54264271265,61.74,0.9000000000000057
384,6921060.355471721,361904.6413793599,62.16,1.2000000000000028
385,6921066.570187356,361904.76781375986,62.56,1.4000000000000057
386,6921072.82407955,361904.91945142107,62.93,1.5999999999999943
387,6921079.11504821,361905.09403816017,63.29,1.7999999999999972
388,6921085.440990514,361905.2895309577,63.62,1.9000000000000057
389,6921091.7997781215,361905.50410389603,63.94,2.0999999999999943
390,6921098.189292492,361905.73612104834,64.23,2.200000000000003
391,6921104.6074054735,361905.9841409741,64.5,2.299999999999997
392,6921111.052013518,361906.24689082796,64.75,2.4000000000000057
393,6921117.521042339,361906.52325682703,64.98,2.5
394,6921124.012452206,361906.8122743482,65.19,2.5999999999999943
395,6921130.5242186235,361907.1131320979,65.38,2.700000000000003
396,6921137.054366322,361907.42514652223,65.55,2.799999999999997
397,6921143.600946282,361907.74776759674,65.7,2.9000000000000057
398,6921150.162097816,361908.0805372674,65.83,3.0
399,6921156.735989498,361908.42311429686,65.94,3.0999999999999943
400,6921163.320854945,361908.7752478934,66.04,3.0999999999999943
401,6921169.914994004,361909.13676963554,66.12,3.200000000000003
402,6921176.516773443,361909.5075857919,66.19,3.299999999999997
403,6921183.124627156,361909.8876700729,66.24,3.4000000000000057
404,6921189.737017695,361910.2770779519,66.28,3.4000000000000057
405,6921196.352518811,361910.67589579907,66.3,3.5
406,6921202.9697282575,361911.0842805957,66.31,3.5999999999999943
407,6921209.587632741,361911.50225600664,66.32,3.700000000000003
408,6921216.205666639,361911.92966364964,66.32,3.799999999999997
409,6921222.8237094,361912.3661464845,66.33,3.799999999999997
410,6921229.441952818,361912.8112030679,66.34,3.9000000000000057
411,6921236.060880534,361913.26418636314,66.36,4.0
412,6921242.681223641,361913.7243162082,66.39,4.0
413,6921249.303894804,361914.1907048518,66.43,4.099999999999994
414,6921255.929968193,361914.6623604347,66.48,4.099999999999994
415,6921262.56063523,361915.1382039813,66.54,4.099999999999994
416,6921269.197200118,361915.6170668354,66.61,4.099999999999994
417,6921275.841049818,361916.0977016969,66.7,4.099999999999994
418,6921282.4932556925,361916.57878170325,66.76,4.099999999999994
419,6921289.152115538,361917.0586900553,66.81,4.099999999999994
420,6921295.816191835,361917.53576951683,66.85,4.099999999999994
421,6921302.484306139,361918.00836562517,66.87,4.0
422,6921309.155477391,361918.47476273094,66.89,3.9000000000000057
423,6921315.8289237,361918.9332261067,66.9,3.799999999999997
424,6921322.504066992,361919.3820552323,66.91,3.700000000000003
425,6921329.1804578025,361919.81948721665,66.91,3.5999999999999943
426,6921335.857820681,361920.2438099007,66.91,3.5
427,6921342.536001747,361920.65330612997,66.9,3.4000000000000057
428,6921349.214919901,361921.04618954787,66.9,3.200000000000003
429,6921355.8947346,361921.42093396134,66.91,3.0999999999999943
430,6921362.576324064,361921.7772354368,66.93,2.9000000000000057
431,6921369.261172,361922.1160396166,66.98,2.799999999999997
432,6921375.951125291,361922.4393160865,67.04,2.700000000000003
433,6921382.648263085,361922.7499813586,67.13,2.5999999999999943
434,6921389.354760805,361923.05179703864,67.25,2.5
435,6921396.072775117,361923.3492893252,67.38,2.5
436,6921402.803681357,361923.6476564212,67.4,2.5999999999999943
437,6921409.536748282,361923.95220752887,67.32,2.700000000000003
438,6921416.260888813,361924.2688871258,67.12,2.9000000000000057
439,6921422.964935595,361924.60405083024,66.83,3.0999999999999943
440,6921429.638019738,361924.9641725064,66.43,3.4000000000000057
441,6921436.269088038,361925.3560223192,65.92,3.700000000000003
442,6921442.847288327,361925.78637696407,65.32,4.200000000000003
443,6921449.362439594,361926.2616918565,64.63,4.700000000000003
444,6921455.804259663,361926.7884242294,63.86,5.200000000000003
445,6921462.163837128,361927.37223996455,63.02,5.900000000000006
446,6921468.4321589535,361928.0186801015,62.1,6.599999999999994
447,6921474.601286892,361928.7325769159,61.14,7.400000000000006
448,6921480.664386063,361929.51803667954,60.13,8.200000000000003
449,6921486.615735919,361930.37844891404,59.1,9.099999999999994
450,6921492.450724629,361931.316518161,58.04,10.099999999999994
451,6921498.165152592,361932.3345573188,57.0,11.099999999999994
452,6921503.757836853,361933.4336317401,55.99,12.200000000000003
453,6921509.2312982185,361934.6134973778,55.07,13.200000000000003
454,6921514.592001313,361935.87271988153,54.23,14.299999999999997
455,6921519.847886258,361937.209516504,53.51,15.299999999999997
456,6921525.00877956,361938.6217198525,52.89,16.299999999999997
457,6921530.085040566,361940.107140961,52.39,17.299999999999997
458,6921535.087149277,361941.6636530227,51.99,18.200000000000003
459,6921540.02507766,361943.28928878217,51.69,19.099999999999994
460,6921544.908638552,361944.9821417514,51.48,20.0
461,6921549.747334275,361946.74035484897,51.37,20.799999999999997
462,6921554.550031778,361948.56212956144,51.33,21.5
463,6921559.32509163,361950.4456717729,51.37,22.200000000000003
464,6921564.080641485,361952.389124523,51.49,22.900000000000006
465,6921568.824270629,361954.3905690975,51.67,23.5
466,6921573.563463159,361956.447953912,51.91,24.0
467,6921578.305485325,361958.5590745302,52.21,24.5
468,6921583.057463563,361960.7215405517,52.57,24.900000000000006
469,6921587.826525157,361962.93273792986,52.98,25.200000000000003
470,6921592.619876324,361965.1897940183,53.45,25.5
471,6921597.444978914,361967.4895328883,53.98,25.700000000000003
472,6921602.309547063,361969.8284368836,54.56,25.799999999999997
473,6921607.221585283,361972.20260411676,55.2,25.799999999999997
474,6921612.189687171,361974.6076817926,55.81,25.799999999999997
475,6921617.214882286,361977.0349592766,56.33,25.599999999999994
476,6921622.29327789,361979.4722611002,56.78,25.400000000000006
477,6921627.42213269,361981.9073628832,57.15,25.099999999999994
478,6921632.599602742,361984.3279992956,57.47,24.599999999999994
479,6921637.824666322,361986.7213416789,57.74,24.099999999999994
480,6921643.096346702,361989.075799767,57.95,23.400000000000006
481,6921648.413583446,361991.381022719,58.13,22.700000000000003
482,6921653.7751726275,361993.6278676021,58.28,22.0
483,6921659.179694308,361995.80864277965,58.4,21.200000000000003
484,6921664.625561884,361997.9170249775,58.49,20.299999999999997
485,6921670.111089468,361999.9479675636,58.57,19.400000000000006
486,6921675.634565165,362001.8976014304,58.64,18.5
487,6921681.194321516,362003.7631307961,58.71,17.599999999999994
488,6921686.788797396,362005.5427267795,58.77,16.700000000000003
489,6921692.416588091,362007.2351789734,58.83,15.799999999999997
490,6921698.076483062,362008.840329292,58.9,14.900000000000006
491,6921703.767491218,362010.3586762217,58.98,14.099999999999994
492,6921709.48885282,362011.7912868541,59.07,13.200000000000003
493,6921715.240041211,362013.13971784455,59.18,12.400000000000006
494,6921721.0207562,362014.4059459025,59.3,11.5
495,6921726.830910959,362015.5923079394,59.44,10.799999999999997
496,6921732.670614081,362016.7014506173,59.6,10.0
497,6921738.540148265,362017.73628876416,59.78,9.299999999999997
498,6921744.439946792,362018.6999719396,59.98,8.599999999999994
499,6921750.370568746,362019.595858331,60.2,7.900000000000006
500,6921756.332673631,362020.4274951223,60.44,7.299999999999997
501,6921762.326995902,362021.1986044843,60.69,6.799999999999997
502,6921768.354286698,362021.91298945394,60.97,6.200000000000003
503,6921774.415342888,362022.5746559819,61.26,5.700000000000003
504,6921780.510979173,362023.18780484673,61.57,5.299999999999997
505,6921786.641883099,362023.756564901,61.89,4.900000000000006
506,6921792.808454925,362024.2846784108,62.22,4.5
507,6921799.010832283,362024.7755401167,62.55,4.200000000000003
508,6921805.248919359,362025.232237749,62.88,3.9000000000000057
509,6921811.522396569,362025.65754965827,63.21,3.5999999999999943
510,6921817.830757326,362026.0539879433,63.53,3.299999999999997
511,6921824.173356915,362026.4238649155,63.85,3.0999999999999943
512,6921830.549431914,362026.76931044395,64.17,2.9000000000000057
513,6921836.958118641,362027.0922874675,64.47,2.700000000000003
514,6921843.3984569935,362027.394581757,64.77,2.5
515,6921849.869426964,362027.67784673354,65.06,2.299999999999997
516,6921856.369950021,362027.9435931525,65.34,2.200000000000003
517,6921862.898919034,362028.1932259023,65.6,2.0999999999999943
518,6921869.455207749,362028.4280516891,65.86,1.9000000000000057
519,6921876.037670325,362028.6492707239,66.11,1.7999999999999972
520,6921882.645163496,362028.85800486983,66.34,1.7000000000000028
521,6921889.276552303,362029.05530332046,66.57,1.5999999999999943
522,6921895.930715234,362029.2421480927,66.78,1.5
523,6921902.606542592,362029.4194490607,66.99,1.4000000000000057
524,6921909.302950337,362029.588063352,67.18,1.4000000000000057
525,6921916.0188823305,362029.7487993744,67.36,1.2999999999999972
526,6921922.753312184,362029.9024206823,67.54,1.2000000000000028
527,6921929.505244724,362030.0496496598,67.7,1.2000000000000028
528,6921936.273709827,362030.19115922577,67.85,1.2000000000000028
529,6921943.057750115,362030.3275525721,68.0,1.0999999999999943
530,6921949.85641898,362030.45935525716,68.14,1.0999999999999943
531,6921956.668792269,362030.5870279436,68.26,1.0
532,6921963.493974117,362030.7109727914,68.38,1.0
533,6921970.331099204,362030.83153560833,68.49,1.0
534,6921977.179341761,362030.9490193262,68.6,1.0
535,6921984.037914579,362031.06368433626,68.69,0.9000000000000057
536,6921990.906068499,362031.1757494456,68.78,0.9000000000000057
537,6921997.78309863,362031.2854035295,68.86,0.9000000000000057
538,6922004.668339277,362031.39280148735,68.94,0.9000000000000057
539,6922011.5611668425,362031.49807159195,69.01,0.9000000000000057
540,6922018.460999105,362031.6013183644,69.07,0.7999999999999972
541,6922025.36729651,362031.702628837,69.13,0.7999999999999972
542,6922032.27955547,362031.80206703104,69.18,0.7999999999999972
543,6922039.197310233,362031.89968032966,69.23,0.7999999999999972
544,6922046.120131282,362031.99550135067,69.28,0.7999999999999972
545,6922053.047621066,362032.0895455517,69.32,0.7999999999999972
546,6922059.979418295,362032.181821419,69.36,0.7000000000000028
547,6922066.915192507,362032.27232709905,69.4,0.7000000000000028
548,6922073.854642311,362032.3610515937,69.43,0.7000000000000028
549,6922080.797490726,362032.44797120686,69.47,0.7000000000000028
550,6922087.743490278,362032.5330602181,69.49,0.7000000000000028
551,6922094.692416996,362032.616286087,69.52,0.7000000000000028
552,6922101.644065683,362032.6976051535,69.55,0.7000000000000028
553,6922108.598256102,362032.7769742476,69.57,0.5999999999999943
554,6922115.554823519,362032.85434001853,69.59,0.5999999999999943
555,6922122.513625555,362032.9296511347,69.61,0.5999999999999943
556,6922129.474532312,362033.0028467242,69.63,0.5999999999999943
557,6922136.437433928,362033.0738692185,69.65,0.5999999999999943
558,6922143.402230274,362033.14265191293,69.67,0.5
559,6922150.368835164,362033.20912615664,69.69,0.5
560,6922157.33717936,362033.27322812355,69.7,0.5
561,6922164.307199625,362033.334885068,69.72,0.5
562,6922171.278843679,362033.39402306126,69.73,0.5
563,6922178.252073774,362033.4505742247,69.75,0.4000000000000057
564,6922185.226855059,362033.5044617,69.76,0.4000000000000057
565,6922192.203161258,362033.5556079719,69.78,0.4000000000000057
566,6922199.180973866,362033.6039349544,69.79,0.4000000000000057
567,6922206.1602864815,362033.64937189536,69.81,0.29999999999999716
568,6922213.1410921905,362033.69183865853,69.82,0.29999999999999716
569,6922220.123390197,362033.731254876,69.84,0.29999999999999716
570,6922227.107185214,362033.76753997966,69.85,0.29999999999999716
571,6922234.0924874,362033.8006139791,69.87,0.20000000000000284
572,6922241.079334982,362033.83043303824,69.89,0.20000000000000284
573,6922248.067803696,362033.85701216495,69.9,0.20000000000000284
574,6922255.0579842245,362033.88040285686,69.92,0.20000000000000284
575,6922262.04998074,362033.90069704625,69.94,0.09999999999999432
576,6922269.043903619,362033.91802235506,69.96,0.09999999999999432
577,6922276.039863601,362033.9325379269,69.98,0.09999999999999432
578,6922283.037967162,362033.9444307641,70.0,0.09999999999999432
579,6922290.038312885,362033.9539125077,70.03,0.09999999999999432
580,6922297.040988686,362033.96121660335,70.05,0.0
581,6922304.046069714,362033.966595806,70.08,0.0
582,6922311.053616836,362033.970319979,70.1,0.0
583,6922318.063675582,362033.97267415153,70.13,0.0
584,6922325.076275479,362033.9739568004,70.15,0.0
585,6922332.091429689,362033.97447832924,70.18,0.0
586,6922339.109134899,362033.9745597193,70.2,0.0
587,6922346.129367333,362033.9745313313,70.22,0.0
588,6922353.15158994,362033.9747368582,70.23,0.0
589,6922360.175051606,362033.97552218236,70.24,0.0
590,6922367.199046712,362033.977239183,70.24,0.0
591,6922374.222911128,362033.9802447395,70.23,0.0
592,6922381.24601854,362033.98489985295,70.22,0.09999999999999432
593,6922388.267796111,362033.9915563309,70.2,0.09999999999999432
594,6922395.287829279,362034.0004843959,70.18,0.09999999999999432
595,6922402.305826326,362034.01188900153,70.16,0.09999999999999432
596,6922409.32159836,362034.02591771365,70.13,0.09999999999999432
597,6922416.335042203,362034.0426676916,70.11,0.20000000000000284
598,6922423.346115237,362034.06219878775,70.09,0.20000000000000284
599,6922430.354847258,362034.08452348586,70.07,0.20000000000000284
600,6922437.361315798,362034.1096204256,70.04,0.20000000000000284
601,6922444.365637314,362034.13743855956,70.02,0.20000000000000284
602,6922451.367959767,362034.16790079296,70.01,0.29999999999999716
603,6922458.368456373,362034.20090716967,69.99,0.29999999999999716
604,6922465.367320369,362034.2363376578,69.98,0.29999999999999716
605,6922472.364760635,362034.27405458514,69.96,0.29999999999999716
606,6922479.360998051,362034.3139047676,69.95,0.29999999999999716
607,6922486.356262474,362034.3557213694,69.95,0.4000000000000057
608,6922493.350790244,362034.39932552766,69.94,0.4000000000000057
609,6922500.344822134,362034.44452777307,69.94,0.4000000000000057
610,6922507.338601685,362034.49112927046,69.94,0.4000000000000057
611,6922514.332373852,362034.53892290243,69.94,0.4000000000000057
612,6922521.326383917,362034.5876942168,69.95,0.4000000000000057
613,6922528.320876635,362034.6372222534,69.95,0.4000000000000057
614,6922535.316092139,362034.6872824832,69.96,0.4000000000000057
615,6922542.312221469,362034.73767602263,69.97,0.4000000000000057
616,6922549.309400794,362034.7882355397,69.99,0.4000000000000057
617,6922556.307720686,362034.8388215587,69.99,0.4000000000000057
618,6922563.30702283,362034.88931768853,70.0,0.4000000000000057
619,6922570.307148614,362034.93962952925,70.01,0.4000000000000057
620,6922577.307975684,362034.989682383,70.02,0.4000000000000057
621,6922584.309411195,362035.03941893775,70.02,0.4000000000000057
622,6922591.311386128,362035.0887972158,70.03,0.4000000000000057
623,6922598.313850496,362035.1377887594,70.03,0.4000000000000057
624,6922605.316769339,362035.18637702754,70.04,0.4000000000000057
625,6922612.32011937,362035.2345559803,70.04,0.4000000000000057
626,6922619.323886183,362035.2823288301,70.04,0.4000000000000057
627,6922626.328061948,362035.3297069403,70.05,0.4000000000000057
628,6922633.332643504,362035.37670885393,70.05,0.4000000000000057
629,6922640.337630807,362035.42335943825,70.06,0.4000000000000057
630,6922647.343025654,362035.4696891302,70.06,0.4000000000000057
631,6922654.3488306645,362035.51573327184,70.06,0.4000000000000057
632,6922661.3550484665,362035.56153152476,70.07,0.4000000000000057
633,6922668.361681047,362035.607127354,70.07,0.4000000000000057
634,6922675.368729257,362035.6525675732,70.08,0.4000000000000057
635,6922682.376192428,362035.6979019437,70.08,0.4000000000000057
636,6922689.3840654055,362035.74317867105,70.08,0.4000000000000057
637,6922696.392335359,362035.78843859356,70.09,0.4000000000000057
638,6922703.4009509,362035.83371579606,70.09,0.4000000000000057
639,6922710.40983026,362035.8790384234,70.09,0.4000000000000057
640,6922717.418906088,362035.924429642,70.09,0.4000000000000057
641,6922724.428122722,362035.96990864095,70.09,0.4000000000000057
642,6922731.437435852,362036.0154902213,70.1,0.4000000000000057
643,6922738.446810132,362036.0611857633,70.1,0.4000000000000057
644,6922745.4562178375,362036.1070036275,70.1,0.4000000000000057
645,6922752.465637728,362036.15294950973,70.1,0.4000000000000057
646,6922759.4750540545,362036.19902675407,70.1,0.4000000000000057
647,6922766.484455721,362036.24523662933,70.1,0.4000000000000057
648,6922773.493835552,362036.29157857376,70.1,0.4000000000000057
649,6922780.503189675,362036.3380504103,70.09,0.4000000000000057
650,6922787.512516988,362036.3846485373,70.09,0.4000000000000057
651,6922794.521818387,362036.4313683069,70.09,0.4000000000000057
652,6922801.531097135,362036.4782036899,70.09,0.4000000000000057
653,6922808.540358078,362036.52514768793,70.09,0.4000000000000057
654,6922815.549607368,362036.57219244825,70.09,0.4000000000000057
655,6922822.558852228,362036.61932936474,70.09,0.4000000000000057
