number,T1y,T1x,T1v,T1h,T2y,T2x,T2v,T2h,T3y,T3x,T3v,T3h,T4y,T4x,T4v,T4h,T5y,T5x,T5v,T5h
0,6919744,362000,10,0,6921814,364341,12,0,6921094,364006,15,0,6920900,357164,16,0,6919080,355318,18,0
1,6919741,361995,10,220.0,6921812,364336,12,220.0,6921092,364001,15,220.0,6920900,357169,16,90.0,6919083,355326,18,90.0
2,6919738,361990,10,307.005,6921810,364331,12,306.98699999999997,6921090,363996,15,306.98900000000003,6920900,357174,16,177.046,6919086,355334,18,177.061
3,6919735,361985,10,250.964,6921808,364326,12,241.801,6921088,363991,15,241.801,6920900,357179,16,90.0,6919089,355342,18,90.0
4,6919732,361980,10,250.964,6921806,364321,12,241.801,6921086,363986,15,241.801,6920900,357184,16,90.0,6919092,355350,18,90.0
5,6919729,361975,10,250.964,6921804,364316,12,241.801,6921084,363981,15,241.801,6920900,357189,16,90.0,6919095,355358,18,90.0
6,6919726,361970,10,250.964,6921802,364311,12,241.801,6921082,363976,15,241.801,6920900,357194,16,90.0,6919098,355366,18,90.0
7,6919723,361965,10,250.964,6921800,364306,12,241.801,6921080,363971,15,241.801,6920900,357199,16,90.0,6919101,355374,18,90.0
8,6919720,361960,10,250.964,6921798,364301,12,241.801,6921078,363966,15,241.801,6920900,357204,16,90.0,6919104,355382,18,90.0
9,6919717,361955,10,250.964,6921796,364296,12,241.801,6921076,363961,15,241.801,6920900,357209,16,90.0,6919107,355390,18,90.0
10,6919714,361950,10,250.964,6921794,364291,12,241.801,6921074,363956,15,241.801,6920900,357214,16,90.0,6919110,355398,18,90.0
11,6919711,361945,10,250.964,6921792,364286,12,241.801,6921072,363951,15,241.801,6920900,357219,16,90.0,6919113,355406,18,90.0
12,6919708,361940,10,250.964,6921790,364281,12,241.801,6921070,363946,15,241.801,6920900,357224,16,90.0,6919116,355414,18,90.0
13,6919705,361935,10,250.964,6921788,364276,12,241.801,6921068,363941,15,241.801,6920900,357229,16,90.0,6919119,355422,18,90.0
14,6919702,361930,10,250.964,6921786,364271,12,241.801,6921066,363936,15,241.801,6920900,357234,16,90.0,6919122,355430,18,90.0
15,6919699,361925,10,250.964,6921784,364266,12,241.801,6921064,363931,15,241.801,6920900,357239,16,90.0,6919125,355438,18,90.0
16,6919696,361920,10,250.964,6921782,364261,12,241.801,6921062,363926,15,241.801,6920900,357244,16,90.0,6919128,355446,18,90.0
17,6919693,361915,10,250.964,6921780,364256,12,241.801,6921060,363921,15,241.801,6920900,357249,16,90.0,6919131,355454,18,90.0
18,6919690,361910,10,250.964,6921778,364251,12,241.801,6921058,363916,15,241.801,6920900,357254,16,90.0,6919134,355462,18,90.0
19,6919687,361905,10,250.964,6921776,364246,12,241.801,6921056,363911,15,241.801,6920900,357259,16,90.0,6919137,355470,18,90.0
20,6919684,361900,10,250.964,6921774,364241,12,241.801,6921054,363906,15,241.801,6920900,357264,16,90.0,6919140,355478,18,90.0
21,6919681,361895,10,250.964,6921772,364236,12,241.801,6921052,363901,15,241.801,6920900,357269,16,90.0,6919143,355486,18,90.0
22,6919678,361890,10,250.964,6921770,364231,12,241.801,6921050,363896,15,241.801,6920900,357274,16,90.0,6919146,355494,18,90.0
23,6919675,361885,10,250.964,6921768,364226,12,241.801,6921048,363891,15,241.801,6920900,357279,16,90.0,6919149,355502,18,90.0
24,6919672,361880,10,250.964,6921766,364221,12,241.801,6921046,363886,15,241.801,6920900,357284,16,90.0,6919152,355510,18,90.0
25,6919669,361875,10,250.964,6921764,364216,12,241.801,6921044,363881,15,241.801,6920900,357289,16,90.0,6919155,355518,18,90.0
26,6919666,361870,10,250.964,6921762,364211,12,241.801,6921042,363876,15,241.801,6920900,357294,16,90.0,6919158,355526,18,90.0
27,6919663,361865,10,250.964,6921760,364206,12,241.801,6921040,363871,15,241.801,6920900,357299,16,90.0,6919161,355534,18,90.0
28,6919660,361860,10,250.964,6921758,364201,12,241.801,6921038,363866,15,241.801,6920900,357304,16,90.0,6919164,355542,18,90.0
29,6919657,361855,10,250.964,6921756,364196,12,241.801,6921036,363861,15,241.801,6920900,357309,16,90.0,6919167,355550,18,90.0
30,6919654,361850,10,250.964,6921754,364191,12,241.801,6921034,363856,15,241.801,6920900,357314,16,90.0,6919170,355558,18,90.0
31,6919651,361845,10,250.964,6921752,364186,12,241.801,6921032,363851,15,241.801,6920900,357319,16,90.0,6919173,355566,18,90.0
32,6919648,361840,10,250.964,6921750,364181,12,241.801,6921030,363846,15,241.801,6920900,357324,16,90.0,6919176,355574,18,90.0
33,6919645,361835,10,250.964,6921748,364176,12,241.801,6921028,363841,15,241.801,6920900,357329,16,90.0,6919179,355582,18,90.0
34,6919642,361830,10,250.964,6921746,364171,12,241.801,6921026,363836,15,241.801,6920900,357334,16,90.0,6919182,355590,18,90.0
35,6919639,361825,10,250.964,6921744,364166,12,241.801,6921024,363831,15,241.801,6920900,357339,16,90.0,6919185,355598,18,90.0
36,6919636,361820,10,250.964,6921742,364161,12,241.801,6921022,363826,15,241.801,6920900,357344,16,90.0,6919188,355606,18,90.0
37,6919633,361815,10,250.964,6921740,364156,12,241.801,6921020,363821,15,241.801,6920900,357349,16,90.0,6919191,355614,18,90.0
38,6919630,361810,10,250.964,6921738,364151,12,241.801,6921018,363816,15,241.801,6920900,357354,16,90.0,6919194,355622,18,90.0
39,6919627,361805,10,250.964,6921736,364146,12,241.801,6921016,363811,15,241.801,6920900,357359,16,90.0,6919197,355630,18,90.0
40,6919624,361800,10,250.964,6921734,364141,12,241.801,6921014,363806,15,241.801,6920900,357364,16,90.0,6919200,355638,18,90.0
41,6919621,361795,10,250.964,6921732,364136,12,241.801,6921012,363801,15,241.801,6920900,357369,16,90.0,6919203,355646,18,90.0
42,6919618,361790,10,250.964,6921730,364131,12,241.801,6921010,363796,15,241.801,6920900,357374,16,90.0,6919206,355654,18,90.0
43,6919615,361785,10,250.964,6921728,364126,12,241.801,6921008,363791,15,241.801,6920900,357379,16,90.0,6919209,355662,18,90.0
44,6919612,361780,10,250.964,6921726,364121,12,241.801,6921006,363786,15,241.801,6920900,357384,16,90.0,6919212,355670,18,90.0
45,6919609,361775,10,250.964,6921724,364116,12,241.801,6921004,363781,15,241.801,6920900,357389,16,90.0,6919215,355678,18,90.0
46,6919606,361770,10,250.964,6921722,364111,12,241.801,6921002,363776,15,241.801,6920900,357394,16,90.0,6919218,355686,18,90.0
47,6919603,361765,10,250.964,6921720,364106,12,241.801,6921000,363771,15,241.801,6920900,357399,16,90.0,6919221,355694,18,90.0
48,6919600,361760,10,250.964,6921718,364101,12,241.801,6920998,363766,15,241.801,6920900,357404,16,90.0,6919224,355702,18,90.0
49,6919597,361755,10,250.964,6921716,364096,12,241.801,6920996,363761,15,241.801,6920900,357409,16,90.0,6919227,355710,18,90.0
50,6919594,361750,10,250.964,6921714,364091,12,241.801,6920994,363756,15,241.801,6920900,357414,16,90.0,6919230,355718,18,90.0
51,6919591,361745,10,250.964,6921712,364086,12,241.801,6920992,363751,15,241.801,6920900,357419,16,90.0,6919233,355726,18,90.0
52,6919588,361740,10,250.964,6921710,364081,12,241.801,6920990,363746,15,241.801,6920900,357424,16,90.0,6919236,355734,18,90.0
53,6919585,361735,10,250.964,6921708,364076,12,241.801,6920988,363741,15,241.801,6920900,357429,16,90.0,6919239,355742,18,90.0
54,6919582,361730,10,250.964,6921706,364071,12,241.801,6920986,363736,15,241.801,6920900,357434,16,90.0,6919242,355750,18,90.0
55,6919579,361725,10,250.964,6921704,364066,12,241.801,6920984,363731,15,241.801,6920900,357439,16,90.0,6919245,355758,18,90.0
56,6919576,361720,10,250.964,6921702,364061,12,241.801,6920982,363726,15,241.801,6920900,357444,16,90.0,6919248,355766,18,90.0
57,6919573,361715,10,250.964,6921700,364056,12,241.801,6920980,363721,15,241.801,6920900,357449,16,90.0,6919251,355774,18,90.0
58,6919570,361710,10,250.964,6921698,364051,12,241.801,6920978,363716,15,241.801,6920900,357454,16,90.0,6919254,355782,18,90.0
59,6919567,361705,10,250.964,6921696,364046,12,241.801,6920976,363711,15,241.801,6920900,357459,16,90.0,6919257,355790,18,90.0
60,6919564,361700,10,250.964,6921694,364041,12,241.801,6920974,363706,15,241.801,6920900,357464,16,90.0,6919260,355798,18,90.0
61,6919561,361695,10,250.964,6921692,364036,12,241.801,6920972,363701,15,241.801,6920900,357469,16,90.0,6919263,355806,18,90.0
62,6919558,361690,10,250.964,6921690,364031,12,241.801,6920970,363696,15,241.801,6920900,357474,16,90.0,6919266,355814,18,90.0
63,6919555,361685,10,250.964,6921688,364026,12,241.801,6920968,363691,15,241.801,6920900,357479,16,90.0,6919269,355822,18,90.0
64,6919552,361680,10,250.964,6921686,364021,12,241.801,6920966,363686,15,241.801,6920900,357484,16,90.0,6919272,355830,18,90.0
65,6919549,361675,10,250.964,6921684,364016,12,241.801,6920964,363681,15,241.801,6920900,357489,16,90.0,6919275,355838,18,90.0
66,6919546,361670,10,250.964,6921682,364011,12,241.801,6920962,363676,15,241.801,6920900,357494,16,90.0,6919278,355846,18,90.0
67,6919543,361665,10,250.964,6921680,364006,12,241.801,6920960,363671,15,241.801,6920900,357499,16,90.0,6919281,355854,18,90.0
68,6919540,361660,10,250.964,6921678,364001,12,241.801,6920958,363666,15,241.801,6920900,357504,16,90.0,6919284,355862,18,90.0
69,6919537,361655,10,250.964,6921676,363996,12,241.801,6920956,363661,15,241.801,6920900,357509,16,90.0,6919287,355870,18,90.0
70,6919534,361650,10,250.964,6921674,363991,12,241.801,6920954,363656,15,241.801,6920900,357514,16,90.0,6919290,355878,18,90.0
71,6919531,361645,10,250.964,6921672,363986,12,241.801,6920952,363651,15,241.801,6920900,357519,16,90.0,6919293,355886,18,90.0
72,6919528,361640,10,250.964,6921670,363981,12,241.801,6920950,363646,15,241.801,6920900,357524,16,90.0,6919296,355894,18,90.0
73,6919525,361635,10,250.964,6921668,363976,12,241.801,6920948,363641,15,241.801,6920900,357529,16,90.0,6919299,355902,18,90.0
74,6919522,361630,10,250.964,6921666,363971,12,241.801,6920946,363636,15,241.801,6920900,357534,16,90.0,6919302,355910,18,90.0
75,6919519,361625,10,250.964,6921664,363966,12,241.801,6920944,363631,15,241.801,6920900,357539,16,90.0,6919305,355918,18,90.0
76,6919516,361620,10,250.964,6921662,363961,12,241.801,6920942,363626,15,241.801,6920900,357544,16,90.0,6919308,355926,18,90.0
77,6919513,361615,10,250.964,6921660,363956,12,241.801,6920940,363621,15,241.801,6920900,357549,16,90.0,6919311,355934,18,90.0
78,6919510,361610,10,250.964,6921658,363951,12,241.801,6920938,363616,15,241.801,6920900,357554,16,90.0,6919314,355942,18,90.0
79,6919507,361605,10,250.964,6921656,363946,12,241.801,6920936,363611,15,241.801,6920900,357559,16,90.0,6919317,355950,18,90.0
80,6919504,361600,10,250.964,6921654,363941,12,241.801,6920934,363606,15,241.801,6920900,357564,16,90.0,6919320,355958,18,90.0
81,6919501,361595,10,250.964,6921652,363936,12,241.801,6920932,363601,15,241.801,6920900,357569,16,90.0,6919323,355966,18,90.0
82,6919498,361590,10,250.964,6921650,363931,12,241.801,6920930,363596,15,241.801,6920900,357574,16,90.0,6919326,355974,18,90.0
83,6919495,361585,10,250.964,6921648,363926,12,241.801,6920928,363591,15,241.801,6920900,357579,16,90.0,6919329,355982,18,90.0
84,6919492,361580,10,250.964,6921646,363921,12,241.801,6920926,363586,15,241.801,6920900,357584,16,90.0,6919332,355990,18,90.0
85,6919489,361575,10,250.964,6921644,363916,12,241.801,6920924,363581,15,241.801,6920900,357589,16,90.0,6919335,355998,18,90.0
86,6919486,361570,10,250.964,6921642,363911,12,241.801,6920922,363576,15,241.801,6920900,357594,16,90.0,6919338,356006,18,90.0
87,6919483,361565,10,250.964,6921640,363906,12,241.801,6920920,363571,15,241.801,6920900,357599,16,90.0,6919341,356014,18,90.0
88,6919480,361560,10,250.964,6921638,363901,12,241.801,6920918,363566,15,241.801,6920900,357604,16,90.0,6919344,356022,18,90.0
89,6919477,361555,10,250.964,6921636,363896,12,241.801,6920916,363561,15,241.801,6920900,357609,16,90.0,6919347,356030,18,90.0
90,6919474,361550,10,250.964,6921634,363891,12,241.801,6920914,363556,15,241.801,6920900,357614,16,90.0,6919350,356038,18,90.0
91,6919471,361545,10,250.964,6921632,363886,12,241.801,6920912,363551,15,241.801,6920900,357619,16,90.0,6919353,356046,18,90.0
92,6919468,361540,10,250.964,6921630,363881,12,241.801,6920910,363546,15,241.801,6920900,357624,16,90.0,6919356,356054,18,90.0
93,6919465,361535,10,250.964,6921628,363876,12,241.801,6920908,363541,15,241.801,6920900,357629,16,90.0,6919359,356062,18,90.0
94,6919462,361530,10,250.964,6921626,363871,12,241.801,6920906,363536,15,241.801,6920900,357634,16,90.0,6919362,356070,18,90.0
95,6919459,361525,10,250.964,6921624,363866,12,241.801,6920904,363531,15,241.801,6920900,357639,16,90.0,6919365,356078,18,90.0
96,6919456,361520,10,250.964,6921622,363861,12,241.801,6920902,363526,15,241.801,6920900,357644,16,90.0,6919368,356086,18,90.0
97,6919453,361515,10,250.964,6921620,363856,12,241.801,6920900,363521,15,241.801,6920900,357649,16,90.0,6919371,356094,18,90.0
98,6919450,361510,10,250.964,6921618,363851,12,241.801,6920898,363516,15,241.801,6920900,357654,16,90.0,6919374,356102,18,90.0
99,6919447,361505,10,250.964,6921616,363846,12,241.801,6920896,363511,15,241.801,6920900,357659,16,90.0,6919377,356110,18,90.0
100,6919444,361500,10,250.964,6921614,363841,12,241.801,6920894,363506,15,241.801,6920900,357664,16,90.0,6919380,356118,18,90.0
101,6919441,361495,10,250.964,6921612,363836,12,241.801,6920892,363501,15,241.801,6920900,357669,16,90.0,6919383,356126,18,90.0
102,6919438,361490,10,250.964,6921610,363831,12,241.801,6920890,363496,15,241.801,6920900,357674,16,90.0,6919386,356134,18,90.0
103,6919435,361485,10,250.964,6921608,363826,12,241.801,6920888,363491,15,241.801,6920900,357679,16,90.0,6919389,356142,18,90.0
104,6919432,361480,10,250.964,6921606,363821,12,241.801,6920886,363486,15,241.801,6920900,357684,16,90.0,6919392,356150,18,90.0
105,6919429,361475,10,250.964,6921604,363816,12,241.801,6920884,363481,15,241.801,6920900,357689,16,90.0,6919395,356158,18,90.0
106,6919426,361470,10,250.964,6921602,363811,12,241.801,6920882,363476,15,241.801,6920900,357694,16,90.0,6919398,356166,18,90.0
107,6919423,361465,10,250.964,6921600,363806,12,241.801,6920880,363471,15,241.801,6920900,357699,16,90.0,6919401,356174,18,90.0
108,6919420,361460,10,250.964,6921598,363801,12,241.801,6920878,363466,15,241.801,6920900,357704,16,90.0,6919404,356182,18,90.0
109,6919417,361455,10,250.964,6921596,363796,12,241.801,6920876,363461,15,241.801,6920900,357709,16,90.0,6919407,356190,18,90.0
110,6919414,361450,10,250.964,6921594,363791,12,241.801,6920874,363456,15,241.801,6920900,357714,16,90.0,6919410,356198,18,90.0
111,6919411,361445,10,250.964,6921592,363786,12,241.801,6920872,363451,15,241.801,6920900,357719,16,90.0,6919413,356206,18,90.0
112,6919408,361440,10,250.964,6921590,363781,12,241.801,6920870,363446,15,241.801,6920900,357724,16,90.0,6919416,356214,18,90.0
113,6919405,361435,10,250.964,6921588,363776,12,241.801,6920868,363441,15,241.801,6920900,357729,16,90.0,6919419,356222,18,90.0
114,6919402,361430,10,250.964,6921586,363771,12,241.801,6920866,363436,15,241.801,6920900,357734,16,90.0,6919422,356230,18,90.0
115,6919399,361425,10,250.964,6921584,363766,12,241.801,6920864,363431,15,241.801,6920900,357739,16,90.0,6919425,356238,18,90.0
116,6919396,361420,10,250.964,6921582,363761,12,241.801,6920862,363426,15,241.801,6920900,357744,16,90.0,6919428,356246,18,90.0
117,6919393,361415,10,250.964,6921580,363756,12,241.801,6920860,363421,15,241.801,6920900,357749,16,90.0,6919431,356254,18,90.0
118,6919390,361410,10,250.964,6921578,363751,12,241.801,6920858,363416,15,241.801,6920900,357754,16,90.0,6919434,356262,18,90.0
119,6919387,361405,10,250.964,6921576,363746,12,241.801,6920856,363411,15,241.801,6920900,357759,16,90.0,6919437,356270,18,90.0
120,6919384,361400,10,250.964,6921574,363741,12,241.801,6920854,363406,15,241.801,6920900,357764,16,90.0,6919440,356278,18,90.0
121,6919381,361395,10,250.964,6921572,363736,12,241.801,6920852,363401,15,241.801,6920900,357769,16,90.0,6919443,356286,18,90.0
122,6919378,361390,10,250.964,6921570,363731,12,241.801,6920850,363396,15,241.801,6920900,357774,16,90.0,6919446,356294,18,90.0
123,6919375,361385,10,250.964,6921568,363726,12,241.801,6920848,363391,15,241.801,6920900,357779,16,90.0,6919449,356302,18,90.0
124,6919372,361380,10,250.964,6921566,363721,12,241.801,6920846,363386,15,241.801,6920900,357784,16,90.0,6919452,356310,18,90.0
125,6919369,361375,10,250.964,6921564,363716,12,241.801,6920844,363381,15,241.801,6920900,357789,16,90.0,6919455,356318,18,90.0
126,6919366,361370,10,250.964,6921562,363711,12,241.801,6920842,363376,15,241.801,6920900,357794,16,90.0,6919458,356326,18,90.0
127,6919363,361365,10,250.964,6921560,363706,12,241.801,6920840,363371,15,241.801,6920900,357799,16,90.0,6919461,356334,18,90.0
128,6919360,361360,10,250.964,6921558,363701,12,241.801,6920838,363366,15,241.801,6920900,357804,16,90.0,6919464,356342,18,90.0
129,6919357,361355,10,250.964,6921556,363696,12,241.801,6920836,363361,15,241.801,6920900,357809,16,90.0,6919467,356350,18,90.0
130,6919354,361350,10,250.964,6921554,363691,12,241.801,6920834,363356,15,241.801,6920900,357814,16,90.0,6919470,356358,18,90.0
131,6919351,361345,10,250.964,6921552,363686,12,241.801,6920832,363351,15,241.801,6920900,357819,16,90.0,6919473,356366,18,90.0
132,6919348,361340,10,250.964,6921550,363681,12,241.801,6920830,363346,15,241.801,6920900,357824,16,90.0,6919476,356374,18,90.0
133,6919345,361335,10,250.964,6921548,363676,12,241.801,6920828,363341,15,241.801,6920900,357829,16,90.0,6919479,356382,18,90.0
134,6919342,361330,10,250.964,6921546,363671,12,241.801,6920826,363336,15,241.801,6920900,357834,16,90.0,6919482,356390,18,90.0
135,6919339,361325,10,250.964,6921544,363666,12,241.801,6920824,363331,15,241.801,6920900,357839,16,90.0,6919485,356398,18,90.0
136,6919336,361320,10,250.964,6921542,363661,12,241.801,6920822,363326,15,241.801,6920900,357844,16,90.0,6919488,356406,18,90.0
137,6919333,361315,10,250.964,6921540,363656,12,241.801,6920820,363321,15,241.801,6920900,357849,16,90.0,6919491,356414,18,90.0
138,6919330,361310,10,250.964,6921538,363651,12,241.801,6920818,363316,15,241.801,6920900,357854,16,90.0,6919494,356422,18,90.0
139,6919327,361305,10,250.964,6921536,363646,12,241.801,6920816,363311,15,241.801,6920900,357859,16,90.0,6919497,356430,18,90.0
140,6919324,361300,10,250.964,6921534,363641,12,241.801,6920814,363306,15,241.801,6920900,357864,16,90.0,6919500,356438,18,90.0
141,6919321,361295,10,250.964,6921532,363636,12,241.801,6920812,363301,15,241.801,6920900,357869,16,90.0,6919503,356446,18,90.0
142,6919318,361290,10,250.964,6921530,363631,12,241.801,6920810,363296,15,241.801,6920900,357874,16,90.0,6919506,356454,18,90.0
143,6919315,361285,10,250.964,6921528,363626,12,241.801,6920808,363291,15,241.801,6920900,357879,16,90.0,6919509,356462,18,90.0
144,6919312,361280,10,250.964,6921526,363621,12,241.801,6920806,363286,15,241.801,6920900,357884,16,90.0,6919512,356470,18,90.0
145,6919309,361275,10,250.964,6921524,363616,12,241.801,6920804,363281,15,241.801,6920900,357889,16,90.0,6919515,356478,18,90.0
146,6919306,361270,10,250.964,6921522,363611,12,241.801,6920802,363276,15,241.801,6920900,357894,16,90.0,6919518,356486,18,90.0
147,6919303,361265,10,250.964,6921520,363606,12,241.801,6920800,363271,15,241.801,6920900,357899,16,90.0,6919521,356494,18,90.0
148,6919300,361260,10,250.964,6921518,363601,12,241.801,6920798,363266,15,241.801,6920900,357904,16,90.0,6919524,356502,18,90.0
149,6919297,361255,10,250.964,6921516,363596,12,241.801,6920796,363261,15,241.801,6920900,357909,16,90.0,6919527,356510,18,90.0
150,6919294,361250,10,250.964,6921514,363591,12,241.801,6920794,363256,15,241.801,6920900,357914,16,90.0,6919530,356518,18,90.0
151,6919291,361245,10,250.964,6921512,363586,12,241.801,6920792,363251,15,241.801,6920900,357919,16,90.0,6919533,356526,18,90.0
152,6919288,361240,10,250.964,6921510,363581,12,241.801,6920790,363246,15,241.801,6920900,357924,16,90.0,6919536,356534,18,90.0
153,6919285,361235,10,250.964,6921508,363576,12,241.801,6920788,363241,15,241.801,6920900,357929,16,90.0,6919539,356542,18,90.0
154,6919282,361230,10,250.964,6921506,363571,12,241.801,6920786,363236,15,241.801,6920900,357934,16,90.0,6919542,356550,18,90.0
155,6919279,361225,10,250.964,6921504,363566,12,241.801,6920784,363231,15,241.801,6920900,357939,16,90.0,6919545,356558,18,90.0
156,6919276,361220,10,250.964,6921502,363561,12,241.801,6920782,363226,15,241.801,6920900,357944,16,90.0,6919548,356566,18,90.0
157,6919273,361215,10,250.964,6921500,363556,12,241.801,6920780,363221,15,241.801,6920900,357949,16,90.0,6919551,356574,18,90.0
158,6919270,361210,10,250.964,6921498,363551,12,241.801,6920778,363216,15,241.801,6920900,357954,16,90.0,6919554,356582,18,90.0
159,6919267,361205,10,250.964,6921496,363546,12,241.801,6920776,363211,15,241.801,6920900,357959,16,90.0,6919557,356590,18,90.0
160,6919264,361200,10,250.964,6921494,363541,12,241.801,6920774,363206,15,241.801,6920900,357964,16,90.0,6919560,356598,18,90.0
161,6919261,361195,10,250.964,6921492,363536,12,241.801,6920772,363201,15,241.801,6920900,357969,16,90.0,6919563,356606,18,90.0
162,6919258,361190,10,250.964,6921490,363531,12,241.801,6920770,363196,15,241.801,6920900,357974,16,90.0,6919566,356614,18,90.0
163,6919255,361185,10,250.964,6921488,363526,12,241.801,6920768,363191,15,241.801,6920900,357979,16,90.0,6919569,356622,18,90.0
164,6919252,361180,10,250.964,6921486,363521,12,241.801,6920766,363186,15,241.801,6920900,357984,16,90.0,6919572,356630,18,90.0
165,6919249,361175,10,250.964,6921484,363516,12,241.801,6920764,363181,15,241.801,6920900,357989,16,90.0,6919575,356638,18,90.0
166,6919246,361170,10,250.964,6921482,363511,12,241.801,6920762,363176,15,241.801,6920900,357994,16,90.0,6919578,356646,18,90.0
167,6919243,361165,10,250.964,6921480,363506,12,241.801,6920760,363171,15,241.801,6920900,357999,16,90.0,6919581,356654,18,90.0
168,6919240,361160,10,250.964,6921478,363501,12,241.801,6920758,363166,15,241.801,6920900,358004,16,90.0,6919584,356662,18,90.0
169,6919237,361155,10,250.964,6921476,363496,12,241.801,6920756,363161,15,241.801,6920900,358009,16,90.0,6919587,356670,18,90.0
170,6919234,361150,10,250.964,6921474,363491,12,241.801,6920754,363156,15,241.801,6920900,358014,16,90.0,6919590,356678,18,90.0
171,6919231,361145,10,250.964,6921472,363486,12,241.801,6920752,363151,15,241.801,6920900,358019,16,90.0,6919593,356686,18,90.0
172,6919228,361140,10,250.964,6921470,363481,12,241.801,6920750,363146,15,241.801,6920900,358024,16,90.0,6919596,356694,18,90.0
173,6919225,361135,10,250.964,6921468,363476,12,241.801,6920748,363141,15,241.801,6920900,358029,16,90.0,6919599,356702,18,90.0
174,6919222,361130,10,250.964,6921466,363471,12,241.801,6920746,363136,15,241.801,6920900,358034,16,90.0,6919602,356710,18,90.0
175,6919219,361125,10,250.964,6921464,363466,12,241.801,6920744,363131,15,241.801,6920900,358039,16,90.0,6919605,356718,18,90.0
176,6919216,361120,10,250.964,6921462,363461,12,241.801,6920742,363126,15,241.801,6920900,358044,16,90.0,6919608,356726,18,90.0
177,6919213,361115,10,250.964,6921460,363456,12,241.801,6920740,363121,15,241.801,6920900,358049,16,90.0,6919611,356734,18,90.0
178,6919210,361110,10,250.964,6921458,363451,12,241.801,6920738,363116,15,241.801,6920900,358054,16,90.0,6919614,356742,18,90.0
179,6919207,361105,10,250.964,6921456,363446,12,241.801,6920736,363111,15,241.801,6920900,358059,16,90.0,6919617,356750,18,90.0
180,6919204,361100,10,250.964,6921454,363441,12,241.801,6920734,363106,15,241.801,6920900,358064,16,90.0,6919620,356758,18,90.0
181,6919201,361095,10,250.964,6921452,363436,12,241.801,6920732,363101,15,241.801,6920900,358069,16,90.0,6919623,356766,18,90.0
182,6919198,361090,10,250.964,6921450,363431,12,241.801,6920730,363096,15,241.801,6920900,358074,16,90.0,6919626,356774,18,90.0
183,6919195,361085,10,250.964,6921448,363426,12,241.801,6920728,363091,15,241.801,6920900,358079,16,90.0,6919629,356782,18,90.0
184,6919192,361080,10,250.964,6921446,363421,12,241.801,6920726,363086,15,241.801,6920900,358084,16,90.0,6919632,356790,18,90.0
185,6919189,361075,10,250.964,6921444,363416,12,241.801,6920724,363081,15,241.801,6920900,358089,16,90.0,6919635,356798,18,90.0
186,6919186,361070,10,250.964,6921442,363411,12,241.801,6920722,363076,15,241.801,6920900,358094,16,90.0,6919638,356806,18,90.0
187,6919183,361065,10,250.964,6921440,363406,12,241.801,6920720,363071,15,241.801,6920900,358099,16,90.0,6919641,356814,18,90.0
188,6919180,361060,10,250.964,6921438,363401,12,241.801,6920718,363066,15,241.801,6920900,358104,16,90.0,6919644,356822,18,90.0
189,6919177,361055,10,250.964,6921436,363396,12,241.801,6920716,363061,15,241.801,6920900,358109,16,90.0,6919647,356830,18,90.0
190,6919174,361050,10,250.964,6921434,363391,12,241.801,6920714,363056,15,241.801,6920900,358114,16,90.0,6919650,356838,18,90.0
191,6919171,361045,10,250.964,6921432,363386,12,241.801,6920712,363051,15,241.801,6920900,358119,16,90.0,6919653,356846,18,90.0
192,6919168,361040,10,250.964,6921430,363381,12,241.801,6920710,363046,15,241.801,6920900,358124,16,90.0,6919656,356854,18,90.0
193,6919165,361035,10,250.964,6921428,363376,12,241.801,6920708,363041,15,241.801,6920900,358129,16,90.0,6919659,356862,18,90.0
194,6919162,361030,10,250.964,6921426,363371,12,241.801,6920706,363036,15,241.801,6920900,358134,16,90.0,6919662,356870,18,90.0
195,6919159,361025,10,250.964,6921424,363366,12,241.801,6920704,363031,15,241.801,6920900,358139,16,90.0,6919665,356878,18,90.0
196,6919156,361020,10,250.964,6921422,363361,12,241.801,6920702,363026,15,241.801,6920900,358144,16,90.0,6919668,356886,18,90.0
197,6919153,361015,10,250.964,6921420,363356,12,241.801,6920700,363021,15,241.801,6920900,358149,16,90.0,6919671,356894,18,90.0
198,6919150,361010,10,250.964,6921418,363351,12,241.801,6920698,363016,15,241.801,6920900,358154,16,90.0,6919674,356902,18,90.0
199,6919147,361005,10,250.964,6921416,363346,12,241.801,6920696,363011,15,241.801,6920900,358159,16,90.0,6919677,356910,18,90.0
200,6919144,361000,10,250.964,6921414,363341,12,241.801,6920694,363006,15,241.801,6920900,358164,16,90.0,6919680,356918,18,90.0
201,6919141,360995,10,250.964,6921412,363336,12,241.801,6920692,363001,15,241.801,6920900,358169,16,90.0,6919683,356926,18,90.0
202,6919138,360990,10,250.964,6921410,363331,12,241.801,6920690,362996,15,241.801,6920900,358174,16,90.0,6919686,356934,18,90.0
203,6919135,360985,10,250.964,6921408,363326,12,241.801,6920688,362991,15,241.801,6920900,358179,16,90.0,6919689,356942,18,90.0
204,6919132,360980,10,250.964,6921406,363321,12,241.801,6920686,362986,15,241.801,6920900,358184,16,90.0,6919692,356950,18,90.0
205,6919129,360975,10,250.964,6921404,363316,12,241.801,6920684,362981,15,241.801,6920900,358189,16,90.0,6919695,356958,18,90.0
206,6919126,360970,10,250.964,6921402,363311,12,241.801,6920682,362976,15,241.801,6920900,358194,16,90.0,6919698,356966,18,90.0
207,6919123,360965,10,250.964,6921400,363306,12,241.801,6920680,362971,15,241.801,6920900,358199,16,90.0,6919701,356974,18,90.0
208,6919120,360960,10,250.964,6921398,363301,12,241.801,6920678,362966,15,241.801,6920900,358204,16,90.0,6919704,356982,18,90.0
209,6919117,360955,10,250.964,6921396,363296,12,241.801,6920676,362961,15,241.801,6920900,358209,16,90.0,6919707,356990,18,90.0
210,6919114,360950,10,250.964,6921394,363291,12,241.801,6920674,362956,15,241.801,6920900,358214,16,90.0,6919710,356998,18,90.0
211,6919111,360945,10,250.964,6921392,363286,12,241.801,6920672,362951,15,241.801,6920900,358219,16,90.0,6919713,357006,18,90.0
212,6919108,360940,10,250.964,6921390,363281,12,241.801,6920670,362946,15,241.801,6920900,358224,16,90.0,6919716,357014,18,90.0
213,6919105,360935,10,250.964,6921388,363276,12,241.801,6920668,362941,15,241.801,6920900,358229,16,90.0,6919719,357022,18,90.0
214,6919102,360930,10,250.964,6921386,363271,12,241.801,6920666,362936,15,241.801,6920900,358234,16,90.0,6919722,357030,18,90.0
215,6919099,360925,10,250.964,6921384,363266,12,241.801,6920664,362931,15,241.801,6920900,358239,16,90.0,6919725,357038,18,90.0
216,6919096,360920,10,250.964,6921382,363261,12,241.801,6920662,362926,15,241.801,6920900,358244,16,90.0,6919728,357046,18,90.0
217,6919093,360915,10,250.964,6921380,363256,12,241.801,6920660,362921,15,241.801,6920900,358249,16,90.0,6919731,357054,18,90.0
218,6919090,360910,10,250.964,6921378,363251,12,241.801,6920658,362916,15,241.801,6920900,358254,16,90.0,6919734,357062,18,90.0
219,6919087,360905,10,250.964,6921376,363246,12,241.801,6920656,362911,15,241.801,6920900,358259,16,90.0,6919737,357070,18,90.0
220,6919084,360900,10,250.964,6921374,363241,12,241.801,6920654,362906,15,241.801,6920900,358264,16,90.0,6919740,357078,18,90.0
221,6919081,360895,10,250.964,6921372,363236,12,241.801,6920652,362901,15,241.801,6920900,358269,16,90.0,6919743,357086,18,90.0
222,6919078,360890,10,250.964,6921370,363231,12,241.801,6920650,362896,15,241.801,6920900,358274,16,90.0,6919746,357094,18,90.0
223,6919075,360885,10,250.964,6921368,363226,12,241.801,6920648,362891,15,241.801,6920900,358279,16,90.0,6919749,357102,18,90.0
224,6919072,360880,10,250.964,6921366,363221,12,241.801,6920646,362886,15,241.801,6920900,358284,16,90.0,6919752,357110,18,90.0
225,6919069,360875,10,250.964,6921364,363216,12,241.801,6920644,362881,15,241.801,6920900,358289,16,90.0,6919755,357118,18,90.0
226,6919066,360870,10,250.964,6921362,363211,12,241.801,6920642,362876,15,241.801,6920900,358294,16,90.0,6919758,357126,18,90.0
227,6919063,360865,10,250.964,6921360,363206,12,241.801,6920640,362871,15,241.801,6920900,358299,16,90.0,6919761,357134,18,90.0
228,6919060,360860,10,250.964,6921358,363201,12,241.801,6920638,362866,15,241.801,6920900,358304,16,90.0,6919764,357142,18,90.0
229,6919057,360855,10,250.964,6921356,363196,12,241.801,6920636,362861,15,241.801,6920900,358309,16,90.0,6919767,357150,18,90.0
230,6919054,360850,10,250.964,6921354,363191,12,241.801,6920634,362856,15,241.801,6920900,358314,16,90.0,6919770,357158,18,90.0
231,6919051,360845,10,250.964,6921352,363186,12,241.801,6920632,362851,15,241.801,6920900,358319,16,90.0,6919773,357166,18,90.0
232,6919048,360840,10,250.964,6921350,363181,12,241.801,6920630,362846,15,241.801,6920900,358324,16,90.0,6919776,357174,18,90.0
233,6919045,360835,10,250.964,6921348,363176,12,241.801,6920628,362841,15,241.801,6920900,358329,16,90.0,6919779,357182,18,90.0
234,6919042,360830,10,250.964,6921346,363171,12,241.801,6920626,362836,15,241.801,6920900,358334,16,90.0,6919782,357190,18,90.0
235,6919039,360825,10,250.964,6921344,363166,12,241.801,6920624,362831,15,241.801,6920900,358339,16,90.0,6919785,357198,18,90.0
236,6919036,360820,10,250.964,6921342,363161,12,241.801,6920622,362826,15,241.801,6920900,358344,16,90.0,6919788,357206,18,90.0
237,6919033,360815,10,250.964,6921340,363156,12,241.801,6920620,362821,15,241.801,6920900,358349,16,90.0,6919791,357214,18,90.0
238,6919030,360810,10,250.964,6921338,363151,12,241.801,6920618,362816,15,241.801,6920900,358354,16,90.0,6919794,357222,18,90.0
239,6919027,360805,10,250.964,6921336,363146,12,241.801,6920616,362811,15,241.801,6920900,358359,16,90.0,6919797,357230,18,90.0
240,6919024,360800,10,250.964,6921334,363141,12,241.801,6920614,362806,15,241.801,6920900,358364,16,90.0,6919800,357238,18,90.0
241,6919021,360795,10,250.964,6921332,363136,12,241.801,6920612,362801,15,241.801,6920900,358369,16,90.0,6919803,357246,18,90.0
242,6919018,360790,10,250.964,6921330,363131,12,241.801,6920610,362796,15,241.801,6920900,358374,16,90.0,6919806,357254,18,90.0
243,6919015,360785,10,250.964,6921328,363126,12,241.801,6920608,362791,15,241.801,6920900,358379,16,90.0,6919809,357262,18,90.0
244,6919012,360780,10,250.964,6921326,363121,12,241.801,6920606,362786,15,241.801,6920900,358384,16,90.0,6919812,357270,18,90.0
245,6919009,360775,10,250.964,6921324,363116,12,241.801,6920604,362781,15,241.801,6920900,358389,16,90.0,6919815,357278,18,90.0
246,6919006,360770,10,250.964,6921322,363111,12,241.801,6920602,362776,15,241.801,6920900,358394,16,90.0,6919818,357286,18,90.0
247,6919003,360765,10,250.964,6921320,363106,12,241.801,6920600,362771,15,241.801,6920900,358399,16,90.0,6919821,357294,18,90.0
248,6919000,360760,10,250.964,6921318,363101,12,241.801,6920598,362766,15,241.801,6920900,358404,16,90.0,6919824,357302,18,90.0
249,6918997,360755,10,250.964,6921316,363096,12,241.801,6920596,362761,15,241.801,6920900,358409,16,90.0,6919827,357310,18,90.0
250,6918994,360750,10,250.964,6921314,363091,12,241.801,6920594,362756,15,241.801,6920900,358414,16,90.0,6919830,357318,18,90.0
251,6918991,360745,10,250.964,6921312,363086,12,241.801,6920592,362751,15,241.801,6920900,358419,16,90.0,6919833,357326,18,90.0
252,6918988,360740,10,250.964,6921310,363081,12,241.801,6920590,362746,15,241.801,6920900,358424,16,90.0,6919836,357334,18,90.0
253,6918985,360735,10,250.964,6921308,363076,12,241.801,6920588,362741,15,241.801,6920900,358429,16,90.0,6919839,357342,18,90.0
254,6918982,360730,10,250.964,6921306,363071,12,241.801,6920586,362736,15,241.801,6920900,358434,16,90.0,6919842,357350,18,90.0
255,6918979,360725,10,250.964,6921304,363066,12,241.801,6920584,362731,15,241.801,6920900,358439,16,90.0,6919845,357358,18,90.0
256,6918976,360720,10,250.964,6921302,363061,12,241.801,6920582,362726,15,241.801,6920900,358444,16,90.0,6919848,357366,18,90.0
257,6918973,360715,10,250.964,6921300,363056,12,241.801,6920580,362721,15,241.801,6920900,358449,16,90.0,6919851,357374,18,90.0
258,6918970,360710,10,250.964,6921298,363051,12,241.801,6920578,362716,15,241.801,6920900,358454,16,90.0,6919854,357382,18,90.0
259,6918967,360705,10,250.964,6921296,363046,12,241.801,6920576,362711,15,241.801,6920900,358459,16,90.0,6919857,357390,18,90.0
260,6918964,360700,10,250.964,6921294,363041,12,241.801,6920574,362706,15,241.801,6920900,358464,16,90.0,6919860,357398,18,90.0
261,6918961,360695,10,250.964,6921292,363036,12,241.801,6920572,362701,15,241.801,6920900,358469,16,90.0,6919863,357406,18,90.0
262,6918958,360690,10,250.964,6921290,363031,12,241.801,6920570,362696,15,241.801,6920900,358474,16,90.0,6919866,357414,18,90.0
263,6918955,360685,10,250.964,6921288,363026,12,241.801,6920568,362691,15,241.801,6920900,358479,16,90.0,6919869,357422,18,90.0
264,6918952,360680,10,250.964,6921286,363021,12,241.801,6920566,362686,15,241.801,6920900,358484,16,90.0,6919872,357430,18,90.0
265,6918949,360675,10,250.964,6921284,363016,12,241.801,6920564,362681,15,241.801,6920900,358489,16,90.0,6919875,357438,18,90.0
266,6918946,360670,10,250.964,6921282,363011,12,241.801,6920562,362676,15,241.801,6920900,358494,16,90.0,6919878,357446,18,90.0
267,6918943,360665,10,250.964,6921280,363006,12,241.801,6920560,362671,15,241.801,6920900,358499,16,90.0,6919881,357454,18,90.0
268,6918940,360660,10,250.964,6921278,363001,12,241.801,6920558,362666,15,241.801,6920900,358504,16,90.0,6919884,357462,18,90.0
269,6918937,360655,10,250.964,6921276,362996,12,241.801,6920556,362661,15,241.801,6920900,358509,16,90.0,6919887,357470,18,90.0
270,6918934,360650,10,250.964,6921274,362991,12,241.801,6920554,362656,15,241.801,6920900,358514,16,90.0,6919890,357478,18,90.0
271,6918931,360645,10,250.964,6921272,362986,12,241.801,6920552,362651,15,241.801,6920900,358519,16,90.0,6919893,357486,18,90.0
272,6918928,360640,10,250.964,6921270,362981,12,241.801,6920550,362646,15,241.801,6920900,358524,16,90.0,6919896,357494,18,90.0
273,6918925,360635,10,250.964,6921268,362976,12,241.801,6920548,362641,15,241.801,6920900,358529,16,90.0,6919899,357502,18,90.0
274,6918922,360630,10,250.964,6921266,362971,12,241.801,6920546,362636,15,241.801,6920900,358534,16,90.0,6919902,357510,18,90.0
275,6918919,360625,10,250.964,6921264,362966,12,241.801,6920544,362631,15,241.801,6920900,358539,16,90.0,6919905,357518,18,90.0
276,6918916,360620,10,250.964,6921262,362961,12,241.801,6920542,362626,15,241.801,6920900,358544,16,90.0,6919908,357526,18,90.0
277,6918913,360615,10,250.964,6921260,362956,12,241.801,6920540,362621,15,241.801,6920900,358549,16,90.0,6919911,357534,18,90.0
278,6918910,360610,10,250.964,6921258,362951,12,241.801,6920538,362616,15,241.801,6920900,358554,16,90.0,6919914,357542,18,90.0
279,6918907,360605,10,250.964,6921256,362946,12,241.801,6920536,362611,15,241.801,6920900,358559,16,90.0,6919917,357550,18,90.0
280,6918904,360600,10,250.964,6921254,362941,12,241.801,6920534,362606,15,241.801,6920900,358564,16,90.0,6919920,357558,18,90.0
281,6918901,360595,10,250.964,6921252,362936,12,241.801,6920532,362601,15,241.801,6920900,358569,16,90.0,6919923,357566,18,90.0
282,6918898,360590,10,250.964,6921250,362931,12,241.801,6920530,362596,15,241.801,6920900,358574,16,90.0,6919926,357574,18,90.0
283,6918895,360585,10,250.964,6921248,362926,12,241.801,6920528,362591,15,241.801,6920900,358579,16,90.0,6919929,357582,18,90.0
284,6918892,360580,10,250.964,6921246,362921,12,241.801,6920526,362586,15,241.801,6920900,358584,16,90.0,6919932,357590,18,90.0
285,6918889,360575,10,250.964,6921244,362916,12,241.801,6920524,362581,15,241.801,6920900,358589,16,90.0,6919935,357598,18,90.0
286,6918886,360570,10,250.964,6921242,362911,12,241.801,6920522,362576,15,241.801,6920900,358594,16,90.0,6919938,357606,18,90.0
287,6918883,360565,10,250.964,6921240,362906,12,241.801,6920520,362571,15,241.801,6920900,358599,16,90.0,6919941,357614,18,90.0
288,6918880,360560,10,250.964,6921238,362901,12,241.801,6920518,362566,15,241.801,6920900,358604,16,90.0,6919944,357622,18,90.0
289,6918877,360555,10,250.964,6921236,362896,12,241.801,6920516,362561,15,241.801,6920900,358609,16,90.0,6919947,357630,18,90.0
290,6918874,360550,10,250.964,6921234,362891,12,241.801,6920514,362556,15,241.801,6920900,358614,16,90.0,6919950,357638,18,90.0
291,6918871,360545,10,250.964,6921232,362886,12,241.801,6920512,362551,15,241.801,6920900,358619,16,90.0,6919953,357646,18,90.0
292,6918868,360540,10,250.964,6921230,362881,12,241.801,6920510,362546,15,241.801,6920900,358624,16,90.0,6919956,357654,18,90.0
293,6918865,360535,10,250.964,6921228,362876,12,241.801,6920508,362541,15,241.801,6920900,358629,16,90.0,6919959,357662,18,90.0
294,6918862,360530,10,250.964,6921226,362871,12,241.801,6920506,362536,15,241.801,6920900,358634,16,90.0,6919962,357670,18,90.0
295,6918859,360525,10,250.964,6921224,362866,12,241.801,6920504,362531,15,241.801,6920900,358639,16,90.0,6919965,357678,18,90.0
296,6918856,360520,10,250.964,6921222,362861,12,241.801,6920502,362526,15,241.801,6920900,358644,16,90.0,6919968,357686,18,90.0
297,6918853,360515,10,250.964,6921220,362856,12,241.801,6920500,362521,15,241.801,6920900,358649,16,90.0,6919971,357694,18,90.0
298,6918850,360510,10,250.964,6921218,362851,12,241.801,6920498,362516,15,241.801,6920900,358654,16,90.0,6919974,357702,18,90.0
299,6918847,360505,10,250.964,6921216,362846,12,241.801,6920496,362511,15,241.801,6920900,358659,16,90.0,6919977,357710,18,90.0
300,6918844,360500,10,250.964,6921214,362841,12,241.801,6920494,362506,15,241.801,6920900,358664,16,90.0,6919980,357718,18,90.0
301,6918841,360495,10,250.964,6921212,362836,12,241.801,6920492,362501,15,241.801,6920900,358669,16,90.0,6919983,357726,18,90.0
302,6918838,360490,10,250.964,6921210,362831,12,241.801,6920490,362496,15,241.801,6920900,358674,16,90.0,6919986,357734,18,90.0
303,6918835,360485,10,250.964,6921208,362826,12,241.801,6920488,362491,15,241.801,6920900,358679,16,90.0,6919989,357742,18,90.0
304,6918832,360480,10,250.964,6921206,362821,12,241.801,6920486,362486,15,241.801,6920900,358684,16,90.0,6919992,357750,18,90.0
305,6918829,360475,10,250.964,6921204,362816,12,241.801,6920484,362481,15,241.801,6920900,358689,16,90.0,6919995,357758,18,90.0
306,6918826,360470,10,250.964,6921202,362811,12,241.801,6920482,362476,15,241.801,6920900,358694,16,90.0,6919998,357766,18,90.0
307,6918823,360465,10,250.964,6921200,362806,12,241.801,6920480,362471,15,241.801,6920900,358699,16,90.0,6920001,357774,18,90.0
308,6918820,360460,10,250.964,6921198,362801,12,241.801,6920478,362466,15,241.801,6920900,358704,16,90.0,6920004,357782,18,90.0
309,6918817,360455,10,250.964,6921196,362796,12,241.801,6920476,362461,15,241.801,6920900,358709,16,90.0,6920007,357790,18,90.0
310,6918814,360450,10,250.964,6921194,362791,12,241.801,6920474,362456,15,241.801,6920900,358714,16,90.0,6920010,357798,18,90.0
311,6918811,360445,10,250.964,6921192,362786,12,241.801,6920472,362451,15,241.801,6920900,358719,16,90.0,6920013,357806,18,90.0
312,6918808,360440,10,250.964,6921190,362781,12,241.801,6920470,362446,15,241.801,6920900,358724,16,90.0,6920016,357814,18,90.0
313,6918805,360435,10,250.964,6921188,362776,12,241.801,6920468,362441,15,241.801,6920900,358729,16,90.0,6920019,357822,18,90.0
314,6918802,360430,10,250.964,6921186,362771,12,241.801,6920466,362436,15,241.801,6920900,358734,16,90.0,6920022,357830,18,90.0
315,6918799,360425,10,250.964,6921184,362766,12,241.801,6920464,362431,15,241.801,6920900,358739,16,90.0,6920025,357838,18,90.0
316,6918796,360420,10,250.964,6921182,362761,12,241.801,6920462,362426,15,241.801,6920900,358744,16,90.0,6920028,357846,18,90.0
317,6918793,360415,10,250.964,6921180,362756,12,241.801,6920460,362421,15,241.801,6920900,358749,16,90.0,6920031,357854,18,90.0
318,6918790,360410,10,250.964,6921178,362751,12,241.801,6920458,362416,15,241.801,6920900,358754,16,90.0,6920034,357862,18,90.0
319,6918787,360405,10,250.964,6921176,362746,12,241.801,6920456,362411,15,241.801,6920900,358759,16,90.0,6920037,357870,18,90.0
320,6918784,360400,10,250.964,6921174,362741,12,241.801,6920454,362406,15,241.801,6920900,358764,16,90.0,6920040,357878,18,90.0
321,6918781,360395,10,250.964,6921172,362736,12,241.801,6920452,362401,15,241.801,6920900,358769,16,90.0,6920043,357886,18,90.0
322,6918778,360390,10,250.964,6921170,362731,12,241.801,6920450,362396,15,241.801,6920900,358774,16,90.0,6920046,357894,18,90.0
323,6918775,360385,10,250.964,6921168,362726,12,241.801,6920448,362391,15,241.801,6920900,358779,16,90.0,6920049,357902,18,90.0
324,6918772,360380,10,250.964,6921166,362721,12,241.801,6920446,362386,15,241.801,6920900,358784,16,90.0,6920052,357910,18,90.0
325,6918769,360375,10,250.964,6921164,362716,12,241.801,6920444,362381,15,241.801,6920900,358789,16,90.0,6920055,357918,18,90.0
326,6918766,360370,10,250.964,6921162,362711,12,241.801,6920442,362376,15,241.801,6920900,358794,16,90.0,6920058,357926,18,90.0
327,6918763,360365,10,250.964,6921160,362706,12,241.801,6920440,362371,15,241.801,6920900,358799,16,90.0,6920061,357934,18,90.0
328,6918760,360360,10,250.964,6921158,362701,12,241.801,6920438,362366,15,241.801,6920900,358804,16,90.0,6920064,357942,18,90.0
329,6918757,360355,10,250.964,6921156,362696,12,241.801,6920436,362361,15,241.801,6920900,358809,16,90.0,6920067,357950,18,90.0
330,6918754,360350,10,250.964,6921154,362691,12,241.801,6920434,362356,15,241.801,6920900,358814,16,90.0,6920070,357958,18,90.0
331,6918751,360345,10,250.964,6921152,362686,12,241.801,6920432,362351,15,241.801,6920900,358819,16,90.0,6920073,357966,18,90.0
332,6918748,360340,10,250.964,6921150,362681,12,241.801,6920430,362346,15,241.801,6920900,358824,16,90.0,6920076,357974,18,90.0
333,6918745,360335,10,250.964,6921148,362676,12,241.801,6920428,362341,15,241.801,6920900,358829,16,90.0,6920079,357982,18,90.0
334,6918742,360330,10,250.964,6921146,362671,12,241.801,6920426,362336,15,241.801,6920900,358834,16,90.0,6920082,357990,18,90.0
335,6918739,360325,10,250.964,6921144,362666,12,241.801,6920424,362331,15,241.801,6920900,358839,16,90.0,6920085,357998,18,90.0
336,6918736,360320,10,250.964,6921142,362661,12,241.801,6920422,362326,15,241.801,6920900,358844,16,90.0,6920088,358006,18,90.0
337,6918733,360315,10,250.964,6921140,362656,12,241.801,6920420,362321,15,241.801,6920900,358849,16,90.0,6920091,358014,18,90.0
338,6918730,360310,10,250.964,6921138,362651,12,241.801,6920418,362316,15,241.801,6920900,358854,16,90.0,6920094,358022,18,90.0
339,6918727,360305,10,250.964,6921136,362646,12,241.801,6920416,362311,15,241.801,6920900,358859,16,90.0,6920097,358030,18,90.0
340,6918724,360300,10,250.964,6921134,362641,12,241.801,6920414,362306,15,241.801,6920900,358864,16,90.0,6920100,358038,18,90.0
341,6918721,360295,10,250.964,6921132,362636,12,241.801,6920412,362301,15,241.801,6920900,358869,16,90.0,6920103,358046,18,90.0
342,6918718,360290,10,250.964,6921130,362631,12,241.801,6920410,362296,15,241.801,6920900,358874,16,90.0,6920106,358054,18,90.0
343,6918715,360285,10,250.964,6921128,362626,12,241.801,6920408,362291,15,241.801,6920900,358879,16,90.0,6920109,358062,18,90.0
344,6918712,360280,10,250.964,6921126,362621,12,241.801,6920406,362286,15,241.801,6920900,358884,16,90.0,6920112,358070,18,90.0
345,6918709,360275,10,250.964,6921124,362616,12,241.801,6920404,362281,15,241.801,6920900,358889,16,90.0,6920115,358078,18,90.0
346,6918706,360270,10,250.964,6921122,362611,12,241.801,6920402,362276,15,241.801,6920900,358894,16,90.0,6920118,358086,18,90.0
347,6918703,360265,10,250.964,6921120,362606,12,241.801,6920400,362271,15,241.801,6920900,358899,16,90.0,6920121,358094,18,90.0
348,6918700,360260,10,250.964,6921118,362601,12,241.801,6920398,362266,15,241.801,6920900,358904,16,90.0,6920124,358102,18,90.0
349,6918697,360255,10,250.964,6921116,362596,12,241.801,6920396,362261,15,241.801,6920900,358909,16,90.0,6920127,358110,18,90.0
350,6918694,360250,10,250.964,6921114,362591,12,241.801,6920394,362256,15,241.801,6920900,358914,16,90.0,6920130,358118,18,90.0
351,6918691,360245,10,250.964,6921112,362586,12,241.801,6920392,362251,15,241.801,6920900,358919,16,90.0,6920133,358126,18,90.0
352,6918688,360240,10,250.964,6921110,362581,12,241.801,6920390,362246,15,241.801,6920900,358924,16,90.0,6920136,358134,18,90.0
353,6918685,360235,10,250.964,6921108,362576,12,241.801,6920388,362241,15,241.801,6920900,358929,16,90.0,6920139,358142,18,90.0
354,6918682,360230,10,250.964,6921106,362571,12,241.801,6920386,362236,15,241.801,6920900,358934,16,90.0,6920142,358150,18,90.0
355,6918679,360225,10,250.964,6921104,362566,12,241.801,6920384,362231,15,241.801,6920900,358939,16,90.0,6920145,358158,18,90.0
356,6918676,360220,10,250.964,6921102,362561,12,241.801,6920382,362226,15,241.801,6920900,358944,16,90.0,6920148,358166,18,90.0
357,6918673,360215,10,250.964,6921100,362556,12,241.801,6920380,362221,15,241.801,6920900,358949,16,90.0,6920151,358174,18,90.0
358,6918670,360210,10,250.964,6921098,362551,12,241.801,6920378,362216,15,241.801,6920900,358954,16,90.0,6920154,358182,18,90.0
359,6918667,360205,10,250.964,6921096,362546,12,241.801,6920376,362211,15,241.801,6920900,358959,16,90.0,6920157,358190,18,90.0
360,6918664,360200,10,250.964,6921094,362541,12,241.801,6920374,362206,15,241.801,6920900,358964,16,90.0,6920160,358198,18,90.0
361,6918661,360195,10,250.964,6921092,362536,12,241.801,6920372,362201,15,241.801,6920900,358969,16,90.0,6920163,358206,18,90.0
362,6918658,360190,10,250.964,6921090,362531,12,241.801,6920370,362196,15,241.801,6920900,358974,16,90.0,6920166,358214,18,90.0
363,6918655,360185,10,250.964,6921088,362526,12,241.801,6920368,362191,15,241.801,6920900,358979,16,90.0,6920169,358222,18,90.0
364,6918652,360180,10,250.964,6921086,362521,12,241.801,6920366,362186,15,241.801,6920900,358984,16,90.0,6920172,358230,18,90.0
365,6918649,360175,10,250.964,6921084,362516,12,241.801,6920364,362181,15,241.801,6920900,358989,16,90.0,6920175,358238,18,90.0
366,6918646,360170,10,250.964,6921082,362511,12,241.801,6920362,362176,15,241.801,6920900,358994,16,90.0,6920178,358246,18,90.0
367,6918643,360165,10,250.964,6921080,362506,12,241.801,6920360,362171,15,241.801,6920900,358999,16,90.0,6920181,358254,18,90.0
368,6918640,360160,10,250.964,6921078,362501,12,241.801,6920358,362166,15,241.801,6920900,359004,16,90.0,6920184,358262,18,90.0
369,6918637,360155,10,250.964,6921076,362496,12,241.801,6920356,362161,15,241.801,6920900,359009,16,90.0,6920187,358270,18,90.0
370,6918634,360150,10,250.964,6921074,362491,12,241.801,6920354,362156,15,241.801,6920900,359014,16,90.0,6920190,358278,18,90.0
371,6918631,360145,10,250.964,6921072,362486,12,241.801,6920352,362151,15,241.801,6920900,359019,16,90.0,6920193,358286,18,90.0
372,6918628,360140,10,250.964,6921070,362481,12,241.801,6920350,362146,15,241.801,6920900,359024,16,90.0,6920196,358294,18,90.0
373,6918625,360135,10,250.964,6921068,362476,12,241.801,6920348,362141,15,241.801,6920900,359029,16,90.0,6920199,358302,18,90.0
374,6918622,360130,10,250.964,6921066,362471,12,241.801,6920346,362136,15,241.801,6920900,359034,16,90.0,6920202,358310,18,90.0
375,6918619,360125,10,250.964,6921064,362466,12,241.801,6920344,362131,15,241.801,6920900,359039,16,90.0,6920205,358318,18,90.0
376,6918616,360120,10,250.964,6921062,362461,12,241.801,6920342,362126,15,241.801,6920900,359044,16,90.0,6920208,358326,18,90.0
377,6918613,360115,10,250.964,6921060,362456,12,241.801,6920340,362121,15,241.801,6920900,359049,16,90.0,6920211,358334,18,90.0
378,6918610,360110,10,250.964,6921058,362451,12,241.801,6920338,362116,15,241.801,6920900,359054,16,90.0,6920214,358342,18,90.0
379,6918607,360105,10,250.964,6921056,362446,12,241.801,6920336,362111,15,241.801,6920900,359059,16,90.0,6920217,358350,18,90.0
380,6918604,360100,10,250.964,6921054,362441,12,241.801,6920334,362106,15,241.801,6920900,359064,16,90.0,6920220,358358,18,90.0
381,6918601,360095,10,250.964,6921052,362436,12,241.801,6920332,362101,15,241.801,6920900,359069,16,90.0,6920223,358366,18,90.0
382,6918598,360090,10,250.964,6921050,362431,12,241.801,6920330,362096,15,241.801,6920900,359074,16,90.0,6920226,358374,18,90.0
383,6918595,360085,10,250.964,6921048,362426,12,241.801,6920328,362091,15,241.801,6920900,359079,16,90.0,6920229,358382,18,90.0
384,6918592,360080,10,250.964,6921046,362421,12,241.801,6920326,362086,15,241.801,6920900,359084,16,90.0,6920232,358390,18,90.0
385,6918589,360075,10,250.964,6921044,362416,12,241.801,6920324,362081,15,241.801,6920900,359089,16,90.0,6920235,358398,18,90.0
386,6918586,360070,10,250.964,6921042,362411,12,241.801,6920322,362076,15,241.801,6920900,359094,16,90.0,6920238,358406,18,90.0
387,6918583,360065,10,250.964,6921040,362406,12,241.801,6920320,362071,15,241.801,6920900,359099,16,90.0,6920241,358414,18,90.0
388,6918580,360060,10,250.964,6921038,362401,12,241.801,6920318,362066,15,241.801,6920900,359104,16,90.0,6920244,358422,18,90.0
389,6918577,360055,10,250.964,6921036,362396,12,241.801,6920316,362061,15,241.801,6920900,359109,16,90.0,6920247,358430,18,90.0
390,6918574,360050,10,250.964,6921034,362391,12,241.801,6920314,362056,15,241.801,6920900,359114,16,90.0,6920250,358438,18,90.0
391,6918571,360045,10,250.964,6921032,362386,12,241.801,6920312,362051,15,241.801,6920900,359119,16,90.0,6920253,358446,18,90.0
392,6918568,360040,10,250.964,6921030,362381,12,241.801,6920310,362046,15,241.801,6920900,359124,16,90.0,6920256,358454,18,90.0
393,6918565,360035,10,250.964,6921028,362376,12,241.801,6920308,362041,15,241.801,6920900,359129,16,90.0,6920259,358462,18,90.0
394,6918562,360030,10,250.964,6921026,362371,12,241.801,6920306,362036,15,241.801,6920900,359134,16,90.0,6920262,358470,18,90.0
395,6918559,360025,10,250.964,6921024,362366,12,241.801,6920304,362031,15,241.801,6920900,359139,16,90.0,6920265,358478,18,90.0
396,6918556,360020,10,250.964,6921022,362361,12,241.801,6920302,362026,15,241.801,6920900,359144,16,90.0,6920268,358486,18,90.0
397,6918553,360015,10,250.964,6921020,362356,12,241.801,6920300,362021,15,241.801,6920900,359149,16,90.0,6920271,358494,18,90.0
398,6918550,360010,10,250.964,6921018,362351,12,241.801,6920298,362016,15,241.801,6920900,359154,16,90.0,6920274,358502,18,90.0
399,6918547,360005,10,250.964,6921016,362346,12,241.801,6920296,362011,15,241.801,6920900,359159,16,90.0,6920277,358510,18,90.0
400,6918544,360000,10,250.964,6921014,362341,12,241.801,6920294,362006,15,241.801,6920900,359164,16,90.0,6920280,358518,18,90.0
401,6918541,359995,10,250.964,6921012,362336,12,241.801,6920292,362001,15,241.801,6920900,359169,16,90.0,6920283,358526,18,90.0
402,6918538,359990,10,250.964,6921010,362331,12,241.801,6920290,361996,15,241.801,6920900,359174,16,90.0,6920286,358534,18,90.0
403,6918535,359985,10,250.964,6921008,362326,12,241.801,6920288,361991,15,241.801,6920900,359179,16,90.0,6920289,358542,18,90.0
404,6918532,359980,10,250.964,6921006,362321,12,241.801,6920286,361986,15,241.801,6920900,359184,16,90.0,6920292,358550,18,90.0
405,6918529,359975,10,250.964,6921004,362316,12,241.801,6920284,361981,15,241.801,6920900,359189,16,90.0,6920295,358558,18,90.0
406,6918526,359970,10,250.964,6921002,362311,12,241.801,6920282,361976,15,241.801,6920900,359194,16,90.0,6920298,358566,18,90.0
407,6918523,359965,10,250.964,6921000,362306,12,241.801,6920280,361971,15,241.801,6920900,359199,16,90.0,6920301,358574,18,90.0
408,6918520,359960,10,250.964,6920998,362301,12,241.801,6920278,361966,15,241.801,6920900,359204,16,90.0,6920304,358582,18,90.0
409,6918517,359955,10,250.964,6920996,362296,12,241.801,6920276,361961,15,241.801,6920900,359209,16,90.0,6920307,358590,18,90.0
410,6918514,359950,10,250.964,6920994,362291,12,241.801,6920274,361956,15,241.801,6920900,359214,16,90.0,6920310,358598,18,90.0
411,6918511,359945,10,250.964,6920992,362286,12,241.801,6920272,361951,15,241.801,6920900,359219,16,90.0,6920313,358606,18,90.0
412,6918508,359940,10,250.964,6920990,362281,12,241.801,6920270,361946,15,241.801,6920900,359224,16,90.0,6920316,358614,18,90.0
413,6918505,359935,10,250.964,6920988,362276,12,241.801,6920268,361941,15,241.801,6920900,359229,16,90.0,6920319,358622,18,90.0
414,6918502,359930,10,250.964,6920986,362271,12,241.801,6920266,361936,15,241.801,6920900,359234,16,90.0,6920322,358630,18,90.0
415,6918499,359925,10,250.964,6920984,362266,12,241.801,6920264,361931,15,241.801,6920900,359239,16,90.0,6920325,358638,18,90.0
416,6918496,359920,10,250.964,6920982,362261,12,241.801,6920262,361926,15,241.801,6920900,359244,16,90.0,6920328,358646,18,90.0
417,6918493,359915,10,250.964,6920980,362256,12,241.801,6920260,361921,15,241.801,6920900,359249,16,90.0,6920331,358654,18,90.0
418,6918490,359910,10,250.964,6920978,362251,12,241.801,6920258,361916,15,241.801,6920900,359254,16,90.0,6920334,358662,18,90.0
419,6918487,359905,10,250.964,6920976,362246,12,241.801,6920256,361911,15,241.801,6920900,359259,16,90.0,6920337,358670,18,90.0
420,6918484,359900,10,250.964,6920974,362241,12,241.801,6920254,361906,15,241.801,6920900,359264,16,90.0,6920340,358678,18,90.0
421,6918481,359895,10,250.964,6920972,362236,12,241.801,6920252,361901,15,241.801,6920900,359269,16,90.0,6920343,358686,18,90.0
422,6918478,359890,10,250.964,6920970,362231,12,241.801,6920250,361896,15,241.801,6920900,359274,16,90.0,6920346,358694,18,90.0
423,6918475,359885,10,250.964,6920968,362226,12,241.801,6920248,361891,15,241.801,6920900,359279,16,90.0,6920349,358702,18,90.0
424,6918472,359880,10,250.964,6920966,362221,12,241.801,6920246,361886,15,241.801,6920900,359284,16,90.0,6920352,358710,18,90.0
425,6918469,359875,10,250.964,6920964,362216,12,241.801,6920244,361881,15,241.801,6920900,359289,16,90.0,6920355,358718,18,90.0
426,6918466,359870,10,250.964,6920962,362211,12,241.801,6920242,361876,15,241.801,6920900,359294,16,90.0,6920358,358726,18,90.0
427,6918463,359865,10,250.964,6920960,362206,12,241.801,6920240,361871,15,241.801,6920900,359299,16,90.0,6920361,358734,18,90.0
428,6918460,359860,10,250.964,6920958,362201,12,241.801,6920238,361866,15,241.801,6920900,359304,16,90.0,6920364,358742,18,90.0
429,6918457,359855,10,250.964,6920956,362196,12,241.801,6920236,361861,15,241.801,6920900,359309,16,90.0,6920367,358750,18,90.0
430,6918454,359850,10,250.964,6920954,362191,12,241.801,6920234,361856,15,241.801,6920900,359314,16,90.0,6920370,358758,18,90.0
431,6918451,359845,10,250.964,6920952,362186,12,241.801,6920232,361851,15,241.801,6920900,359319,16,90.0,6920373,358766,18,90.0
432,6918448,359840,10,250.964,6920950,362181,12,241.801,6920230,361846,15,241.801,6920900,359324,16,90.0,6920376,358774,18,90.0
433,6918445,359835,10,250.964,6920948,362176,12,241.801,6920228,361841,15,241.801,6920900,359329,16,90.0,6920379,358782,18,90.0
434,6918442,359830,10,250.964,6920946,362171,12,241.801,6920226,361836,15,241.801,6920900,359334,16,90.0,6920382,358790,18,90.0
435,6918439,359825,10,250.964,6920944,362166,12,241.801,6920224,361831,15,241.801,6920900,359339,16,90.0,6920385,358798,18,90.0
436,6918436,359820,10,250.964,6920942,362161,12,241.801,6920222,361826,15,241.801,6920900,359344,16,90.0,6920388,358806,18,90.0
437,6918433,359815,10,250.964,6920940,362156,12,241.801,6920220,361821,15,241.801,6920900,359349,16,90.0,6920391,358814,18,90.0
438,6918430,359810,10,250.964,6920938,362151,12,241.801,6920218,361816,15,241.801,6920900,359354,16,90.0,6920394,358822,18,90.0
439,6918427,359805,10,250.964,6920936,362146,12,241.801,6920216,361811,15,241.801,6920900,359359,16,90.0,6920397,358830,18,90.0
440,6918424,359800,10,250.964,6920934,362141,12,241.801,6920214,361806,15,241.801,6920900,359364,16,90.0,6920400,358838,18,90.0
441,6918421,359795,10,250.964,6920932,362136,12,241.801,6920212,361801,15,241.801,6920900,359369,16,90.0,6920403,358846,18,90.0
442,6918418,359790,10,250.964,6920930,362131,12,241.801,6920210,361796,15,241.801,6920900,359374,16,90.0,6920406,358854,18,90.0
443,6918415,359785,10,250.964,6920928,362126,12,241.801,6920208,361791,15,241.801,6920900,359379,16,90.0,6920409,358862,18,90.0
444,6918412,359780,10,250.964,6920926,362121,12,241.801,6920206,361786,15,241.801,6920900,359384,16,90.0,6920412,358870,18,90.0
445,6918409,359775,10,250.964,6920924,362116,12,241.801,6920204,361781,15,241.801,6920900,359389,16,90.0,6920415,358878,18,90.0
446,6918406,359770,10,250.964,6920922,362111,12,241.801,6920202,361776,15,241.801,6920900,359394,16,90.0,6920418,358886,18,90.0
447,6918403,359765,10,250.964,6920920,362106,12,241.801,6920200,361771,15,241.801,6920900,359399,16,90.0,6920421,358894,18,90.0
448,6918400,359760,10,250.964,6920918,362101,12,241.801,6920198,361766,15,241.801,6920900,359404,16,90.0,6920424,358902,18,90.0
449,6918397,359755,10,250.964,6920916,362096,12,241.801,6920196,361761,15,241.801,6920900,359409,16,90.0,6920427,358910,18,90.0
450,6918394,359750,10,250.964,6920914,362091,12,241.801,6920194,361756,15,241.801,6920900,359414,16,90.0,6920430,358918,18,90.0
451,6918391,359745,10,250.964,6920912,362086,12,241.801,6920192,361751,15,241.801,6920900,359419,16,90.0,6920433,358926,18,90.0
452,6918388,359740,10,250.964,6920910,362081,12,241.801,6920190,361746,15,241.801,6920900,359424,16,90.0,6920436,358934,18,90.0
453,6918385,359735,10,250.964,6920908,362076,12,241.801,6920188,361741,15,241.801,6920900,359429,16,90.0,6920439,358942,18,90.0
454,6918382,359730,10,250.964,6920906,362071,12,241.801,6920186,361736,15,241.801,6920900,359434,16,90.0,6920442,358950,18,90.0
455,6918379,359725,10,250.964,6920904,362066,12,241.801,6920184,361731,15,241.801,6920900,359439,16,90.0,6920445,358958,18,90.0
456,6918376,359720,10,250.964,6920902,362061,12,241.801,6920182,361726,15,241.801,6920900,359444,16,90.0,6920448,358966,18,90.0
457,6918373,359715,10,250.964,6920900,362056,12,241.801,6920180,361721,15,241.801,6920900,359449,16,90.0,6920451,358974,18,90.0
458,6918370,359710,10,250.964,6920898,362051,12,241.801,6920178,361716,15,241.801,6920900,359454,16,90.0,6920454,358982,18,90.0
459,6918367,359705,10,250.964,6920896,362046,12,241.801,6920176,361711,15,241.801,6920900,359459,16,90.0,6920457,358990,18,90.0
460,6918364,359700,10,250.964,6920894,362041,12,241.801,6920174,361706,15,241.801,6920900,359464,16,90.0,6920460,358998,18,90.0
461,6918361,359695,10,250.964,6920892,362036,12,241.801,6920172,361701,15,241.801,6920900,359469,16,90.0,6920463,359006,18,90.0
462,6918358,359690,10,250.964,6920890,362031,12,241.801,6920170,361696,15,241.801,6920900,359474,16,90.0,6920466,359014,18,90.0
463,6918355,359685,10,250.964,6920888,362026,12,241.801,6920168,361691,15,241.801,6920900,359479,16,90.0,6920469,359022,18,90.0
464,6918352,359680,10,250.964,6920886,362021,12,241.801,6920166,361686,15,241.801,6920900,359484,16,90.0,6920472,359030,18,90.0
465,6918349,359675,10,250.964,6920884,362016,12,241.801,6920164,361681,15,241.801,6920900,359489,16,90.0,6920475,359038,18,90.0
466,6918346,359670,10,250.964,6920882,362011,12,241.801,6920162,361676,15,241.801,6920900,359494,16,90.0,6920478,359046,18,90.0
467,6918343,359665,10,250.964,6920880,362006,12,241.801,6920160,361671,15,241.801,6920900,359499,16,90.0,6920481,359054,18,90.0
468,6918340,359660,10,250.964,6920878,362001,12,241.801,6920158,361666,15,241.801,6920900,359504,16,90.0,6920484,359062,18,90.0
469,6918337,359655,10,250.964,6920876,361996,12,241.801,6920156,361661,15,241.801,6920900,359509,16,90.0,6920487,359070,18,90.0
470,6918334,359650,10,250.964,6920874,361991,12,241.801,6920154,361656,15,241.801,6920900,359514,16,90.0,6920490,359078,18,90.0
471,6918331,359645,10,250.964,6920872,361986,12,241.801,6920152,361651,15,241.801,6920900,359519,16,90.0,6920493,359086,18,90.0
472,6918328,359640,10,250.964,6920870,361981,12,241.801,6920150,361646,15,241.801,6920900,359524,16,90.0,6920496,359094,18,90.0
473,6918325,359635,10,250.964,6920868,361976,12,241.801,6920148,361641,15,241.801,6920900,359529,16,90.0,6920499,359102,18,90.0
474,6918322,359630,10,250.964,6920866,361971,12,241.801,6920146,361636,15,241.801,6920900,359534,16,90.0,6920502,359110,18,90.0
475,6918319,359625,10,250.964,6920864,361966,12,241.801,6920144,361631,15,241.801,6920900,359539,16,90.0,6920505,359118,18,90.0
476,6918316,359620,10,250.964,6920862,361961,12,241.801,6920142,361626,15,241.801,6920900,359544,16,90.0,6920508,359126,18,90.0
477,6918313,359615,10,250.964,6920860,361956,12,241.801,6920140,361621,15,241.801,6920900,359549,16,90.0,6920511,359134,18,90.0
478,6918310,359610,10,250.964,6920858,361951,12,241.801,6920138,361616,15,241.801,6920900,359554,16,90.0,6920514,359142,18,90.0
479,6918307,359605,10,250.964,6920856,361946,12,241.801,6920136,361611,15,241.801,6920900,359559,16,90.0,6920517,359150,18,90.0
480,6918304,359600,10,250.964,6920854,361941,12,241.801,6920134,361606,15,241.801,6920900,359564,16,90.0,6920520,359158,18,90.0
481,6918301,359595,10,250.964,6920852,361936,12,241.801,6920132,361601,15,241.801,6920900,359569,16,90.0,6920523,359166,18,90.0
482,6918298,359590,10,250.964,6920850,361931,12,241.801,6920130,361596,15,241.801,6920900,359574,16,90.0,6920526,359174,18,90.0
483,6918295,359585,10,250.964,6920848,361926,12,241.801,6920128,361591,15,241.801,6920900,359579,16,90.0,6920529,359182,18,90.0
484,6918292,359580,10,250.964,6920846,361921,12,241.801,6920126,361586,15,241.801,6920900,359584,16,90.0,6920532,359190,18,90.0
485,6918289,359575,10,250.964,6920844,361916,12,241.801,6920124,361581,15,241.801,6920900,359589,16,90.0,6920535,359198,18,90.0
486,6918286,359570,10,250.964,6920842,361911,12,241.801,6920122,361576,15,241.801,6920900,359594,16,90.0,6920538,359206,18,90.0
487,6918283,359565,10,250.964,6920840,361906,12,241.801,6920120,361571,15,241.801,6920900,359599,16,90.0,6920541,359214,18,90.0
488,6918280,359560,10,250.964,6920838,361901,12,241.801,6920118,361566,15,241.801,6920900,359604,16,90.0,6920544,359222,18,90.0
489,6918277,359555,10,250.964,6920836,361896,12,241.801,6920116,361561,15,241.801,6920900,359609,16,90.0,6920547,359230,18,90.0
490,6918274,359550,10,250.964,6920834,361891,12,241.801,6920114,361556,15,241.801,6920900,359614,16,90.0,6920550,359238,18,90.0
491,6918271,359545,10,250.964,6920832,361886,12,241.801,6920112,361551,15,241.801,6920900,359619,16,90.0,6920553,359246,18,90.0
492,6918268,359540,10,250.964,6920830,361881,12,241.801,6920110,361546,15,241.801,6920900,359624,16,90.0,6920556,359254,18,90.0
493,6918265,359535,10,250.964,6920828,361876,12,241.801,6920108,361541,15,241.801,6920900,359629,16,90.0,6920559,359262,18,90.0
494,6918262,359530,10,250.964,6920826,361871,12,241.801,6920106,361536,15,241.801,6920900,359634,16,90.0,6920562,359270,18,90.0
495,6918259,359525,10,250.964,6920824,361866,12,241.801,6920104,361531,15,241.801,6920900,359639,16,90.0,6920565,359278,18,90.0
496,6918256,359520,10,250.964,6920822,361861,12,241.801,6920102,361526,15,241.801,6920900,359644,16,90.0,6920568,359286,18,90.0
497,6918253,359515,10,250.964,6920820,361856,12,241.801,6920100,361521,15,241.801,6920900,359649,16,90.0,6920571,359294,18,90.0
498,6918250,359510,10,250.964,6920818,361851,12,241.801,6920098,361516,15,241.801,6920900,359654,16,90.0,6920574,359302,18,90.0
499,6918247,359505,10,250.964,6920816,361846,12,241.801,6920096,361511,15,241.801,6920900,359659,16,90.0,6920577,359310,18,90.0
500,6918244,359500,10,250.964,6920814,361841,12,241.801,6920094,361506,15,241.801,6920900,359664,16,90.0,6920580,359318,18,90.0
501,6918241,359495,10,250.964,6920812,361836,12,241.801,6920092,361501,15,241.801,6920900,359669,16,90.0,6920583,359326,18,90.0
502,6918238,359490,10,250.964,6920810,361831,12,241.801,6920090,361496,15,241.801,6920900,359674,16,90.0,6920586,359334,18,90.0
503,6918235,359485,10,250.964,6920808,361826,12,241.801,6920088,361491,15,241.801,6920900,359679,16,90.0,6920589,359342,18,90.0
504,6918232,359480,10,250.964,6920806,361821,12,241.801,6920086,361486,15,241.801,6920900,359684,16,90.0,6920592,359350,18,90.0
505,6918229,359475,10,250.964,6920804,361816,12,241.801,6920084,361481,15,241.801,6920900,359689,16,90.0,6920595,359358,18,90.0
506,6918226,359470,10,250.964,6920802,361811,12,241.801,6920082,361476,15,241.801,6920900,359694,16,90.0,6920598,359366,18,90.0
507,6918223,359465,10,250.964,6920800,361806,12,241.801,6920080,361471,15,241.801,6920900,359699,16,90.0,6920601,359374,18,90.0
508,6918220,359460,10,250.964,6920798,361801,12,241.801,6920078,361466,15,241.801,6920900,359704,16,90.0,6920604,359382,18,90.0
509,6918217,359455,10,250.964,6920796,361796,12,241.801,6920076,361461,15,241.801,6920900,359709,16,90.0,6920607,359390,18,90.0
510,6918214,359450,10,250.964,6920794,361791,12,241.801,6920074,361456,15,241.801,6920900,359714,16,90.0,6920610,359398,18,90.0
511,6918211,359445,10,250.964,6920792,361786,12,241.801,6920072,361451,15,241.801,6920900,359719,16,90.0,6920613,359406,18,90.0
512,6918208,359440,10,250.964,6920790,361781,12,241.801,6920070,361446,15,241.801,6920900,359724,16,90.0,6920616,359414,18,90.0
513,6918205,359435,10,250.964,6920788,361776,12,241.801,6920068,361441,15,241.801,6920900,359729,16,90.0,6920619,359422,18,90.0
514,6918202,359430,10,250.964,6920786,361771,12,241.801,6920066,361436,15,241.801,6920900,359734,16,90.0,6920622,359430,18,90.0
515,6918199,359425,10,250.964,6920784,361766,12,241.801,6920064,361431,15,241.801,6920900,359739,16,90.0,6920625,359438,18,90.0
516,6918196,359420,10,250.964,6920782,361761,12,241.801,6920062,361426,15,241.801,6920900,359744,16,90.0,6920628,359446,18,90.0
517,6918193,359415,10,250.964,6920780,361756,12,241.801,6920060,361421,15,241.801,6920900,359749,16,90.0,6920631,359454,18,90.0
518,6918190,359410,10,250.964,6920778,361751,12,241.801,6920058,361416,15,241.801,6920900,359754,16,90.0,6920634,359462,18,90.0
519,6918187,359405,10,250.964,6920776,361746,12,241.801,6920056,361411,15,241.801,6920900,359759,16,90.0,6920637,359470,18,90.0
520,6918184,359400,10,250.964,6920774,361741,12,241.801,6920054,361406,15,241.801,6920900,359764,16,90.0,6920640,359478,18,90.0
521,6918181,359395,10,250.964,6920772,361736,12,241.801,6920052,361401,15,241.801,6920900,359769,16,90.0,6920643,359486,18,90.0
522,6918178,359390,10,250.964,6920770,361731,12,241.801,6920050,361396,15,241.801,6920900,359774,16,90.0,6920646,359494,18,90.0
523,6918175,359385,10,250.964,6920768,361726,12,241.801,6920048,361391,15,241.801,6920900,359779,16,90.0,6920649,359502,18,90.0
524,6918172,359380,10,250.964,6920766,361721,12,241.801,6920046,361386,15,241.801,6920900,359784,16,90.0,6920652,359510,18,90.0
525,6918169,359375,10,250.964,6920764,361716,12,241.801,6920044,361381,15,241.801,6920900,359789,16,90.0,6920655,359518,18,90.0
526,6918166,359370,10,250.964,6920762,361711,12,241.801,6920042,361376,15,241.801,6920900,359794,16,90.0,6920658,359526,18,90.0
527,6918163,359365,10,250.964,6920760,361706,12,241.801,6920040,361371,15,241.801,6920900,359799,16,90.0,6920661,359534,18,90.0
528,6918160,359360,10,250.964,6920758,361701,12,241.801,6920038,361366,15,241.801,6920900,359804,16,90.0,6920664,359542,18,90.0
529,6918157,359355,10,250.964,6920756,361696,12,241.801,6920036,361361,15,241.801,6920900,359809,16,90.0,6920667,359550,18,90.0
530,6918154,359350,10,250.964,6920754,361691,12,241.801,6920034,361356,15,241.801,6920900,359814,16,90.0,6920670,359558,18,90.0
531,6918151,359345,10,250.964,6920752,361686,12,241.801,6920032,361351,15,241.801,6920900,359819,16,90.0,6920673,359566,18,90.0
532,6918148,359340,10,250.964,6920750,361681,12,241.801,6920030,361346,15,241.801,6920900,359824,16,90.0,6920676,359574,18,90.0
533,6918145,359335,10,250.964,6920748,361676,12,241.801,6920028,361341,15,241.801,6920900,359829,16,90.0,6920679,359582,18,90.0
534,6918142,359330,10,250.964,6920746,361671,12,241.801,6920026,361336,15,241.801,6920900,359834,16,90.0,6920682,359590,18,90.0
535,6918139,359325,10,250.964,6920744,361666,12,241.801,6920024,361331,15,241.801,6920900,359839,16,90.0,6920685,359598,18,90.0
536,6918136,359320,10,250.964,6920742,361661,12,241.801,6920022,361326,15,241.801,6920900,359844,16,90.0,6920688,359606,18,90.0
537,6918133,359315,10,250.964,6920740,361656,12,241.801,6920020,361321,15,241.801,6920900,359849,16,90.0,6920691,359614,18,90.0
538,6918130,359310,10,250.964,6920738,361651,12,241.801,6920018,361316,15,241.801,6920900,359854,16,90.0,6920694,359622,18,90.0
539,6918127,359305,10,250.964,6920736,361646,12,241.801,6920016,361311,15,241.801,6920900,359859,16,90.0,6920697,359630,18,90.0
540,6918124,359300,10,250.964,6920734,361641,12,241.801,6920014,361306,15,241.801,6920900,359864,16,90.0,6920700,359638,18,90.0
541,6918121,359295,10,250.964,6920732,361636,12,241.801,6920012,361301,15,241.801,6920900,359869,16,90.0,6920703,359646,18,90.0
542,6918118,359290,10,250.964,6920730,361631,12,241.801,6920010,361296,15,241.801,6920900,359874,16,90.0,6920706,359654,18,90.0
543,6918115,359285,10,250.964,6920728,361626,12,241.801,6920008,361291,15,241.801,6920900,359879,16,90.0,6920709,359662,18,90.0
544,6918112,359280,10,250.964,6920726,361621,12,241.801,6920006,361286,15,241.801,6920900,359884,16,90.0,6920712,359670,18,90.0
545,6918109,359275,10,250.964,6920724,361616,12,241.801,6920004,361281,15,241.801,6920900,359889,16,90.0,6920715,359678,18,90.0
546,6918106,359270,10,250.964,6920722,361611,12,241.801,6920002,361276,15,241.801,6920900,359894,16,90.0,6920718,359686,18,90.0
547,6918103,359265,10,250.964,6920720,361606,12,241.801,6920000,361271,15,241.801,6920900,359899,16,90.0,6920721,359694,18,90.0
548,6918100,359260,10,250.964,6920718,361601,12,241.801,6919998,361266,15,241.801,6920900,359904,16,90.0,6920724,359702,18,90.0
549,6918097,359255,10,250.964,6920716,361596,12,241.801,6919996,361261,15,241.801,6920900,359909,16,90.0,6920727,359710,18,90.0
550,6918094,359250,10,250.964,6920714,361591,12,241.801,6919994,361256,15,241.801,6920900,359914,16,90.0,6920730,359718,18,90.0
551,6918091,359245,10,250.964,6920712,361586,12,241.801,6919992,361251,15,241.801,6920900,359919,16,90.0,6920733,359726,18,90.0
552,6918088,359240,10,250.964,6920710,361581,12,241.801,6919990,361246,15,241.801,6920900,359924,16,90.0,6920736,359734,18,90.0
553,6918085,359235,10,250.964,6920708,361576,12,241.801,6919988,361241,15,241.801,6920900,359929,16,90.0,6920739,359742,18,90.0
554,6918082,359230,10,250.964,6920706,361571,12,241.801,6919986,361236,15,241.801,6920900,359934,16,90.0,6920742,359750,18,90.0
